-- phpMyAdmin SQL Dump
-- version 5.2.1
-- https://www.phpmyadmin.net/
--
-- Host: localhost
-- Generation Time: Nov 15, 2025 at 08:48 AM
-- Server version: 10.4.32-MariaDB
-- PHP Version: 8.2.12

SET SQL_MODE = "NO_AUTO_VALUE_ON_ZERO";
START TRANSACTION;
SET time_zone = "+00:00";


/*!40101 SET @OLD_CHARACTER_SET_CLIENT=@@CHARACTER_SET_CLIENT */;
/*!40101 SET @OLD_CHARACTER_SET_RESULTS=@@CHARACTER_SET_RESULTS */;
/*!40101 SET @OLD_COLLATION_CONNECTION=@@COLLATION_CONNECTION */;
/*!40101 SET NAMES utf8mb4 */;

--
-- Database: `rmsdb`
--

-- --------------------------------------------------------

--
-- Table structure for table `admins`
--

CREATE TABLE `admins` (
  `id` bigint(20) UNSIGNED NOT NULL,
  `name` varchar(255) NOT NULL,
  `email` varchar(255) NOT NULL,
  `facebook_id` varchar(255) DEFAULT NULL,
  `google_id` varchar(255) DEFAULT NULL,
  `github_id` varchar(255) DEFAULT NULL,
  `password` varchar(255) NOT NULL,
  `photo` varchar(255) DEFAULT NULL,
  `phone` varchar(255) DEFAULT NULL,
  `address` varchar(255) DEFAULT NULL,
  `dob` date DEFAULT NULL,
  `role` int(11) NOT NULL,
  `status` int(11) NOT NULL DEFAULT 0,
  `remember_token` varchar(100) DEFAULT NULL,
  `created_at` timestamp NULL DEFAULT NULL,
  `updated_at` timestamp NULL DEFAULT NULL
) ENGINE=InnoDB DEFAULT CHARSET=utf8mb4 COLLATE=utf8mb4_unicode_ci;

--
-- Dumping data for table `admins`
--

INSERT INTO `admins` (`id`, `name`, `email`, `facebook_id`, `google_id`, `github_id`, `password`, `photo`, `phone`, `address`, `dob`, `role`, `status`, `remember_token`, `created_at`, `updated_at`) VALUES
(1, 'SAMIM-HosseN', 'admin@admin.com', NULL, NULL, NULL, '$2y$12$R4YF11SvOwmJ1A84m7k8oeVn0hYR2H1LCSmiLwkwM/WJONqdqmSuW', 'user-1763192660.png', '01762164746', 'Dhaka', '2001-12-31', 1, 1, NULL, '2025-11-09 17:12:41', '2025-11-15 07:44:20');

-- --------------------------------------------------------

--
-- Table structure for table `carts`
--

CREATE TABLE `carts` (
  `id` bigint(20) UNSIGNED NOT NULL,
  `reg` bigint(20) UNSIGNED NOT NULL,
  `date` date NOT NULL,
  `userId` int(11) NOT NULL,
  `foodId` int(11) NOT NULL,
  `quantity` int(11) NOT NULL DEFAULT 1,
  `price` int(10) UNSIGNED NOT NULL,
  `created_at` timestamp NULL DEFAULT NULL,
  `updated_at` timestamp NULL DEFAULT NULL
) ENGINE=InnoDB DEFAULT CHARSET=utf8mb4 COLLATE=utf8mb4_unicode_ci;

--
-- Dumping data for table `carts`
--

INSERT INTO `carts` (`id`, `reg`, `date`, `userId`, `foodId`, `quantity`, `price`, `created_at`, `updated_at`) VALUES
(1, 2025111011, '2025-11-10', 1, 1, 1, 250, '2025-11-10 06:33:47', '2025-11-10 06:33:47'),
(2, 2025111011, '2025-11-10', 1, 2, 1, 800, '2025-11-10 06:33:48', '2025-11-10 06:33:48'),
(3, 2025111011, '2025-11-10', 1, 3, 1, 180, '2025-11-10 06:33:49', '2025-11-10 06:33:49'),
(4, 2025111012, '2025-11-10', 1, 1, 1, 250, '2025-11-10 06:35:04', '2025-11-10 06:35:04'),
(5, 2025111012, '2025-11-10', 1, 2, 1, 800, '2025-11-10 06:35:05', '2025-11-10 06:35:05'),
(6, 2025111012, '2025-11-10', 1, 3, 1, 180, '2025-11-10 06:35:05', '2025-11-10 06:35:05'),
(7, 2025111013, '2025-11-10', 1, 1, 1, 250, '2025-11-10 06:36:18', '2025-11-10 06:36:18'),
(8, 2025111013, '2025-11-10', 1, 2, 1, 800, '2025-11-10 06:36:56', '2025-11-10 06:36:56'),
(9, 2025111013, '2025-11-10', 1, 3, 1, 180, '2025-11-10 06:36:59', '2025-11-10 06:36:59'),
(10, 2025111014, '2025-11-10', 1, 1, 10, 250, '2025-11-10 06:38:25', '2025-11-10 06:38:35'),
(11, 2025111014, '2025-11-10', 1, 2, 1, 800, '2025-11-10 06:38:26', '2025-11-10 06:38:26'),
(12, 2025111014, '2025-11-10', 1, 3, 1, 180, '2025-11-10 06:38:26', '2025-11-10 06:38:26'),
(13, 2025111015, '2025-11-10', 1, 1, 1, 250, '2025-11-10 06:43:01', '2025-11-10 06:43:01'),
(14, 2025111015, '2025-11-10', 1, 2, 1, 800, '2025-11-10 06:43:03', '2025-11-10 06:43:03'),
(15, 2025111015, '2025-11-10', 1, 3, 1, 180, '2025-11-10 06:43:04', '2025-11-10 06:43:04'),
(16, 2025111116, '2025-11-11', 1, 1, 1, 250, '2025-11-11 00:33:43', '2025-11-11 00:33:43'),
(17, 2025111116, '2025-11-11', 1, 2, 1, 800, '2025-11-11 00:33:43', '2025-11-11 00:33:43'),
(18, 2025111116, '2025-11-11', 1, 3, 1, 180, '2025-11-11 00:33:44', '2025-11-11 00:33:44'),
(19, 2025111116, '2025-11-11', 1, 4, 1, 350, '2025-11-11 00:33:45', '2025-11-11 00:33:45'),
(20, 2025111117, '2025-11-11', 1, 1, 1, 250, '2025-11-11 00:34:55', '2025-11-11 00:34:55'),
(21, 2025111117, '2025-11-11', 1, 2, 1, 800, '2025-11-11 00:34:56', '2025-11-11 00:34:56'),
(22, 2025111117, '2025-11-11', 1, 3, 1, 180, '2025-11-11 00:34:57', '2025-11-11 00:34:57'),
(23, 2025111117, '2025-11-11', 1, 4, 1, 350, '2025-11-11 00:34:57', '2025-11-11 00:34:57'),
(24, 2025111118, '2025-11-11', 1, 1, 1, 250, '2025-11-11 00:41:28', '2025-11-11 00:41:28'),
(25, 2025111118, '2025-11-11', 1, 2, 1, 800, '2025-11-11 00:41:28', '2025-11-11 00:41:28'),
(26, 2025111118, '2025-11-11', 1, 3, 1, 180, '2025-11-11 00:41:29', '2025-11-11 00:41:29'),
(27, 2025111118, '2025-11-11', 1, 5, 1, 200, '2025-11-11 00:41:31', '2025-11-11 00:41:31'),
(28, 2025111119, '2025-11-11', 1, 6, 1, 150, '2025-11-11 00:45:16', '2025-11-11 00:45:16'),
(29, 2025111119, '2025-11-11', 1, 1, 1, 250, '2025-11-11 00:45:18', '2025-11-11 00:45:18'),
(30, 2025111119, '2025-11-11', 1, 2, 1, 800, '2025-11-11 00:45:19', '2025-11-11 00:45:19'),
(31, 2025111119, '2025-11-11', 1, 3, 1, 180, '2025-11-11 00:45:20', '2025-11-11 00:45:20'),
(34, 2025111111, '2025-11-11', 1, 1, 1, 250, '2025-11-11 01:22:49', '2025-11-11 01:22:49'),
(35, 2025111111, '2025-11-11', 1, 2, 1, 800, '2025-11-11 01:22:50', '2025-11-11 01:22:50'),
(36, 2025111111, '2025-11-11', 1, 3, 1, 180, '2025-11-11 01:22:50', '2025-11-11 01:22:50'),
(37, 2025111112, '2025-11-11', 1, 1, 1, 250, '2025-11-11 01:23:05', '2025-11-11 01:23:05'),
(38, 2025111112, '2025-11-11', 1, 2, 1, 800, '2025-11-11 01:23:05', '2025-11-11 01:23:05'),
(39, 2025111112, '2025-11-11', 1, 3, 1, 180, '2025-11-11 01:23:06', '2025-11-11 01:23:06'),
(40, 2025111113, '2025-11-11', 1, 1, 1, 250, '2025-11-11 01:27:22', '2025-11-11 01:27:22'),
(41, 2025111113, '2025-11-11', 1, 2, 1, 800, '2025-11-11 01:27:22', '2025-11-11 01:27:22'),
(42, 2025111113, '2025-11-11', 1, 3, 1, 180, '2025-11-11 01:27:23', '2025-11-11 01:27:23'),
(43, 2025111113, '2025-11-11', 1, 5, 1, 200, '2025-11-11 01:27:25', '2025-11-11 01:27:25'),
(44, 2025111114, '2025-11-11', 1, 1, 1, 250, '2025-11-11 03:03:52', '2025-11-11 03:03:52'),
(45, 2025111415, '2025-11-14', 1, 1, 1, 250, '2025-11-13 23:51:11', '2025-11-13 23:51:11'),
(46, 2025111415, '2025-11-14', 1, 2, 1, 800, '2025-11-13 23:51:12', '2025-11-13 23:51:12'),
(47, 2025111415, '2025-11-14', 1, 3, 1, 180, '2025-11-13 23:51:12', '2025-11-13 23:51:12'),
(48, 2025111415, '2025-11-14', 1, 4, 1, 350, '2025-11-13 23:51:13', '2025-11-13 23:51:13'),
(49, 2025111415, '2025-11-14', 1, 5, 1, 200, '2025-11-13 23:51:16', '2025-11-13 23:51:16'),
(50, 2025111415, '2025-11-14', 1, 7, 1, 60, '2025-11-13 23:51:20', '2025-11-13 23:51:20'),
(51, 2025111415, '2025-11-14', 1, 8, 1, 900, '2025-11-13 23:51:20', '2025-11-13 23:51:20'),
(52, 2025111415, '2025-11-14', 1, 9, 1, 500, '2025-11-13 23:51:21', '2025-11-13 23:51:21'),
(53, 2025111415, '2025-11-14', 1, 10, 1, 120, '2025-11-13 23:51:23', '2025-11-13 23:51:23'),
(54, 2025111411, '2025-11-14', 1, 1, 1, 250, '2025-11-13 23:55:03', '2025-11-13 23:55:03'),
(55, 2025111411, '2025-11-14', 1, 2, 1, 800, '2025-11-13 23:55:04', '2025-11-13 23:55:04'),
(56, 2025111411, '2025-11-14', 1, 3, 1, 180, '2025-11-13 23:55:04', '2025-11-13 23:55:04'),
(57, 2025111411, '2025-11-14', 1, 4, 1, 350, '2025-11-13 23:55:05', '2025-11-13 23:55:05'),
(58, 2025111411, '2025-11-14', 1, 5, 1, 200, '2025-11-13 23:55:05', '2025-11-13 23:55:05'),
(59, 2025111411, '2025-11-14', 1, 7, 1, 60, '2025-11-13 23:55:07', '2025-11-13 23:55:07'),
(60, 2025111411, '2025-11-14', 1, 8, 1, 900, '2025-11-13 23:55:08', '2025-11-13 23:55:08'),
(61, 2025111411, '2025-11-14', 1, 9, 1, 500, '2025-11-13 23:55:09', '2025-11-13 23:55:09'),
(62, 2025111412, '2025-11-14', 1, 1, 1, 250, '2025-11-13 23:55:18', '2025-11-13 23:55:18'),
(63, 2025111412, '2025-11-14', 1, 2, 1, 800, '2025-11-13 23:55:18', '2025-11-13 23:55:18'),
(64, 2025111412, '2025-11-14', 1, 3, 1, 180, '2025-11-13 23:55:19', '2025-11-13 23:55:19'),
(65, 2025111412, '2025-11-14', 1, 4, 1, 350, '2025-11-13 23:55:20', '2025-11-13 23:55:20'),
(66, 2025111412, '2025-11-14', 1, 5, 1, 200, '2025-11-13 23:55:20', '2025-11-13 23:55:20'),
(67, 2025111412, '2025-11-14', 1, 7, 1, 60, '2025-11-13 23:55:21', '2025-11-13 23:55:21'),
(68, 2025111412, '2025-11-14', 1, 8, 1, 900, '2025-11-13 23:55:22', '2025-11-13 23:55:22'),
(69, 2025111412, '2025-11-14', 1, 9, 1, 500, '2025-11-13 23:55:22', '2025-11-13 23:55:22'),
(70, 2025111413, '2025-11-14', 1, 1, 1, 250, '2025-11-14 00:19:49', '2025-11-14 00:19:49'),
(71, 2025111413, '2025-11-14', 1, 2, 1, 800, '2025-11-14 00:19:50', '2025-11-14 00:19:50'),
(72, 2025111413, '2025-11-14', 1, 3, 1, 180, '2025-11-14 00:19:51', '2025-11-14 00:19:51'),
(73, 2025111413, '2025-11-14', 1, 4, 1, 350, '2025-11-14 00:19:51', '2025-11-14 00:19:51'),
(74, 2025111413, '2025-11-14', 1, 5, 1, 200, '2025-11-14 00:19:52', '2025-11-14 00:19:52'),
(75, 2025111413, '2025-11-14', 1, 7, 1, 60, '2025-11-14 00:19:53', '2025-11-14 00:19:53'),
(76, 2025111414, '2025-11-14', 1, 1, 1, 250, '2025-11-14 06:22:01', '2025-11-14 06:22:01'),
(77, 2025111414, '2025-11-14', 1, 2, 1, 800, '2025-11-14 06:22:02', '2025-11-14 06:22:02'),
(78, 2025111414, '2025-11-14', 1, 4, 1, 350, '2025-11-14 06:22:02', '2025-11-14 06:22:02'),
(79, 2025111416, '2025-11-14', 1, 1, 1, 250, '2025-11-14 06:22:17', '2025-11-14 06:22:17'),
(80, 2025111416, '2025-11-14', 1, 2, 1, 800, '2025-11-14 06:22:18', '2025-11-14 06:22:18'),
(81, 2025111416, '2025-11-14', 1, 3, 1, 180, '2025-11-14 06:22:18', '2025-11-14 06:22:18'),
(82, 2025111416, '2025-11-14', 1, 4, 1, 350, '2025-11-14 06:22:19', '2025-11-14 06:22:19'),
(83, 2025111416, '2025-11-14', 1, 5, 1, 200, '2025-11-14 06:22:19', '2025-11-14 06:22:19'),
(84, 2025111417, '2025-11-14', 1, 11, 1, 220, '2025-11-14 06:22:25', '2025-11-14 06:22:25'),
(85, 2025111417, '2025-11-14', 1, 1, 1, 250, '2025-11-14 06:22:25', '2025-11-14 06:22:25'),
(86, 2025111417, '2025-11-14', 1, 3, 1, 180, '2025-11-14 06:22:26', '2025-11-14 06:22:26'),
(87, 2025111417, '2025-11-14', 1, 2, 1, 800, '2025-11-14 06:22:27', '2025-11-14 06:22:27'),
(88, 2025111417, '2025-11-14', 1, 20, 1, 130, '2025-11-14 06:22:29', '2025-11-14 06:22:29'),
(89, 2025111418, '2025-11-14', 1, 1, 1, 250, '2025-11-14 09:36:29', '2025-11-14 09:36:29'),
(90, 2025111418, '2025-11-14', 1, 2, 1, 800, '2025-11-14 09:36:30', '2025-11-14 09:36:30'),
(91, 2025111418, '2025-11-14', 1, 3, 1, 180, '2025-11-14 09:36:31', '2025-11-14 09:36:31'),
(92, 2025111418, '2025-11-14', 1, 4, 1, 350, '2025-11-14 09:36:31', '2025-11-14 09:36:31'),
(93, 2025111418, '2025-11-14', 1, 5, 1, 200, '2025-11-14 09:36:32', '2025-11-14 09:36:32'),
(94, 2025111418, '2025-11-14', 1, 7, 1, 60, '2025-11-14 09:36:33', '2025-11-14 09:36:33'),
(95, 2025111418, '2025-11-14', 1, 8, 1, 900, '2025-11-14 09:36:34', '2025-11-14 09:36:34'),
(96, 2025111418, '2025-11-14', 1, 9, 1, 500, '2025-11-14 09:36:34', '2025-11-14 09:36:34'),
(97, 2025111418, '2025-11-14', 1, 10, 1, 120, '2025-11-14 09:36:35', '2025-11-14 09:36:35'),
(100, 2025111419, '2025-11-14', 1, 12, 1, 700, '2025-11-14 09:41:51', '2025-11-14 09:41:51'),
(101, 2025111419, '2025-11-14', 1, 11, 1, 220, '2025-11-14 09:41:53', '2025-11-14 09:41:53'),
(102, 2025111419, '2025-11-14', 1, 10, 1, 120, '2025-11-14 09:41:54', '2025-11-14 09:41:54'),
(103, 2025111419, '2025-11-14', 1, 9, 1, 500, '2025-11-14 09:41:55', '2025-11-14 09:41:55'),
(104, 2025111419, '2025-11-14', 1, 4, 1, 350, '2025-11-14 09:41:56', '2025-11-14 09:41:56'),
(105, 2025111419, '2025-11-14', 1, 3, 1, 180, '2025-11-14 09:41:57', '2025-11-14 09:41:57'),
(106, 2025111419, '2025-11-14', 1, 2, 1, 800, '2025-11-14 09:41:58', '2025-11-14 09:41:58'),
(107, 2025111419, '2025-11-14', 1, 1, 1, 250, '2025-11-14 09:41:59', '2025-11-14 09:41:59'),
(108, 2025111419, '2025-11-14', 1, 20, 1, 130, '2025-11-14 09:42:02', '2025-11-14 09:42:02'),
(109, 2025111419, '2025-11-14', 1, 19, 1, 950, '2025-11-14 09:42:03', '2025-11-14 09:42:03'),
(110, 2025111419, '2025-11-14', 1, 18, 1, 550, '2025-11-14 09:42:04', '2025-11-14 09:42:04'),
(111, 2025111419, '2025-11-14', 1, 17, 1, 70, '2025-11-14 09:42:05', '2025-11-14 09:42:05'),
(112, 2025111419, '2025-11-14', 1, 13, 1, 200, '2025-11-14 09:42:06', '2025-11-14 09:42:06'),
(113, 2025111419, '2025-11-14', 1, 14, 1, 380, '2025-11-14 09:42:07', '2025-11-14 09:42:07'),
(114, 2025111419, '2025-11-14', 1, 15, 1, 210, '2025-11-14 09:42:07', '2025-11-14 09:42:07'),
(115, 2025111419, '2025-11-14', 1, 16, 1, 140, '2025-11-14 09:42:08', '2025-11-14 09:42:08'),
(116, 20251114110, '2025-11-14', 1, 1, 3, 250, '2025-11-14 09:59:25', '2025-11-14 10:28:01'),
(117, 20251114110, '2025-11-14', 1, 2, 4, 800, '2025-11-14 09:59:26', '2025-11-14 10:08:40'),
(118, 20251114110, '2025-11-14', 1, 3, 4, 180, '2025-11-14 09:59:27', '2025-11-14 10:28:03'),
(119, 20251114110, '2025-11-14', 1, 4, 4, 350, '2025-11-14 09:59:27', '2025-11-14 10:28:06'),
(120, 20251114110, '2025-11-14', 1, 5, 3, 200, '2025-11-14 09:59:28', '2025-11-14 10:21:36'),
(121, 20251114110, '2025-11-14', 1, 7, 3, 60, '2025-11-14 09:59:35', '2025-11-14 10:28:27'),
(123, 20251114111, '2025-11-14', 1, 1, 1, 250, '2025-11-14 10:12:49', '2025-11-14 10:12:49'),
(124, 20251114111, '2025-11-14', 1, 2, 1, 800, '2025-11-14 10:13:00', '2025-11-14 10:15:54'),
(125, 20251114111, '2025-11-14', 1, 3, 1, 180, '2025-11-14 10:37:21', '2025-11-14 10:37:21'),
(126, 20251114111, '2025-11-14', 1, 4, 1, 350, '2025-11-14 10:37:21', '2025-11-14 10:37:21'),
(127, 20251114112, '2025-11-14', 1, 1, 1, 250, '2025-11-14 10:37:58', '2025-11-14 10:37:58');

-- --------------------------------------------------------

--
-- Table structure for table `companies`
--

CREATE TABLE `companies` (
  `id` bigint(20) UNSIGNED NOT NULL,
  `name` varchar(255) NOT NULL,
  `address` text DEFAULT NULL,
  `email` varchar(255) DEFAULT NULL,
  `phone` varchar(255) DEFAULT NULL,
  `website` varchar(255) DEFAULT NULL,
  `created_at` timestamp NULL DEFAULT NULL,
  `updated_at` timestamp NULL DEFAULT NULL
) ENGINE=InnoDB DEFAULT CHARSET=utf8mb4 COLLATE=utf8mb4_unicode_ci;

--
-- Dumping data for table `companies`
--

INSERT INTO `companies` (`id`, `name`, `address`, `email`, `phone`, `website`, `created_at`, `updated_at`) VALUES
(1, 'Smart Food Restaurant', 'Dhaka, Bangladesh', 'info@smartfood.com', '01712345678', 'https://smartfood.com', '2025-11-10 06:33:11', '2025-11-10 06:33:11');

-- --------------------------------------------------------

--
-- Table structure for table `due_collections`
--

CREATE TABLE `due_collections` (
  `id` bigint(20) UNSIGNED NOT NULL,
  `reg` varchar(255) DEFAULT NULL,
  `total` decimal(12,2) DEFAULT NULL,
  `discount` decimal(12,2) DEFAULT NULL,
  `due` decimal(12,2) DEFAULT NULL,
  `pay` decimal(12,2) DEFAULT NULL,
  `payment_date` date NOT NULL DEFAULT '2025-11-11',
  `user_id` bigint(20) UNSIGNED NOT NULL,
  `note` varchar(255) NOT NULL DEFAULT 'N/A',
  `created_at` timestamp NULL DEFAULT NULL,
  `updated_at` timestamp NULL DEFAULT NULL
) ENGINE=InnoDB DEFAULT CHARSET=utf8mb4 COLLATE=utf8mb4_unicode_ci;

--
-- Dumping data for table `due_collections`
--

INSERT INTO `due_collections` (`id`, `reg`, `total`, `discount`, `due`, `pay`, `payment_date`, `user_id`, `note`, `created_at`, `updated_at`) VALUES
(7, '2025111418', 2496.00, 200.00, 0.00, 2296.00, '2025-11-11', 1, 'N/A', '2025-11-14 09:37:13', '2025-11-14 09:37:13');

-- --------------------------------------------------------

--
-- Table structure for table `failed_jobs`
--

CREATE TABLE `failed_jobs` (
  `id` bigint(20) UNSIGNED NOT NULL,
  `uuid` varchar(255) NOT NULL,
  `connection` text NOT NULL,
  `queue` text NOT NULL,
  `payload` longtext NOT NULL,
  `exception` longtext NOT NULL,
  `failed_at` timestamp NOT NULL DEFAULT current_timestamp()
) ENGINE=InnoDB DEFAULT CHARSET=utf8mb4 COLLATE=utf8mb4_unicode_ci;

-- --------------------------------------------------------

--
-- Table structure for table `food`
--

CREATE TABLE `food` (
  `id` bigint(20) UNSIGNED NOT NULL,
  `name` varchar(255) NOT NULL,
  `price` int(11) NOT NULL,
  `category_id` bigint(20) UNSIGNED NOT NULL,
  `stock` int(11) NOT NULL,
  `status` int(11) NOT NULL,
  `image` varchar(255) NOT NULL,
  `ingredients` varchar(255) NOT NULL,
  `sku` varchar(255) NOT NULL,
  `remark` varchar(255) NOT NULL,
  `created_at` timestamp NULL DEFAULT NULL,
  `updated_at` timestamp NULL DEFAULT NULL
) ENGINE=InnoDB DEFAULT CHARSET=utf8mb4 COLLATE=utf8mb4_unicode_ci;

--
-- Dumping data for table `food`
--

INSERT INTO `food` (`id`, `name`, `price`, `category_id`, `stock`, `status`, `image`, `ingredients`, `sku`, `remark`, `created_at`, `updated_at`) VALUES
(1, 'Cheese Burger', 250, 1, 14, 1, 'cheese_burger.jpg', 'Bun, Cheese, Patty, Lettuce, Tomato', 'XX1VMK1C', 'Best seller', '2025-11-10 06:33:11', '2025-11-14 10:42:59'),
(2, 'Pepperoni Pizza', 800, 2, 14, 1, 'pepperoni_pizza.jpg', 'Dough, Cheese, Pepperoni, Tomato Sauce', 'IT2JF6XK', 'Food stock inserted date of 2025-11-15', '2025-11-10 06:33:11', '2025-11-15 04:49:27'),
(3, 'Chicken Sandwich', 180, 3, 15, 1, 'chicken_sandwich.jpg', 'Bread, Chicken, Lettuce, Mayo', 'JOJBGZNB', '', '2025-11-10 06:33:11', '2025-11-14 11:04:10'),
(4, 'Spaghetti Bolognese', 350, 4, 5, 1, 'spaghetti.jpg', 'Spaghetti, Tomato Sauce, Beef', 'NKALC6G0', '', '2025-11-10 06:33:11', '2025-11-14 10:37:21'),
(5, 'Caesar Salad', 200, 5, 14, 1, 'caesar_salad.jpg', 'Lettuce, Chicken, Caesar Dressing, Croutons', 'ZLUHIG1Y', '', '2025-11-10 06:33:11', '2025-11-14 10:21:36'),
(6, 'Chocolate Cake', 150, 6, 14, 1, 'chocolate_cake.jpg', 'Flour, Cocoa, Sugar, Eggs, Butter', 'QWCUBGNB', 'Sweet dessert', '2025-11-10 06:33:11', '2025-11-14 09:41:31'),
(7, 'Coca Cola', 60, 7, 92, 1, 'coca_cola.jpg', 'Carbonated Water, Sugar, Flavor', 'MO7E34LC', '', '2025-11-10 06:33:11', '2025-11-14 10:28:27'),
(8, 'Grilled Salmon', 900, 8, 6, 1, 'grilled_salmon.jpg', 'Salmon, Lemon, Spices', 'NOPFPBDN', 'Premium dish', '2025-11-10 06:33:11', '2025-11-14 09:36:34'),
(9, 'BBQ Chicken', 500, 9, 15, 1, 'bbq_chicken.jpg', 'Chicken, BBQ Sauce, Spices', 'IUDY1L7Y', '', '2025-11-10 06:33:11', '2025-11-14 09:41:55'),
(10, 'Pancakes', 120, 10, 27, 1, 'pancakes.jpg', 'Flour, Eggs, Milk, Sugar, Butter', 'REZLAAQR', 'Breakfast special', '2025-11-10 06:33:11', '2025-11-14 09:41:54'),
(11, 'Veggie Burger', 220, 1, 38, 1, 'veggie_burger.jpg', 'Bun, Veg Patty, Lettuce, Tomato, Cheese', 'JQBAMML0', '', '2025-11-10 06:33:11', '2025-11-14 09:41:53'),
(12, 'Margherita Pizza', 700, 2, 24, 1, 'margherita_pizza.jpg', 'Dough, Tomato Sauce, Cheese, Basil', 'QW32QEOY', '', '2025-11-10 06:33:11', '2025-11-14 09:41:51'),
(13, 'Tuna Sandwich', 200, 3, 34, 1, 'tuna_sandwich.jpg', 'Bread, Tuna, Lettuce, Mayo', 'QYDKFLTD', '', '2025-11-10 06:33:11', '2025-11-14 09:42:06'),
(14, 'Fettuccine Alfredo', 380, 4, 19, 1, 'fettuccine_alfredo.jpg', 'Fettuccine, Cream, Cheese, Butter', 'BJ0FLQB0', '', '2025-11-10 06:33:11', '2025-11-14 09:42:07'),
(15, 'Greek Salad', 210, 5, 29, 1, 'greek_salad.jpg', 'Lettuce, Feta, Olive, Tomato, Cucumber', 'L1UUWMLB', '', '2025-11-10 06:33:11', '2025-11-14 10:27:50'),
(16, 'Vanilla Cake', 140, 6, 19, 1, 'vanilla_cake.jpg', 'Flour, Sugar, Eggs, Butter, Vanilla', '6MVBJDTD', '', '2025-11-10 06:33:11', '2025-11-14 09:42:08'),
(17, 'Orange Juice', 70, 7, 79, 1, 'orange_juice.jpg', 'Orange, Water, Sugar', 'RDRVYI07', '', '2025-11-10 06:33:11', '2025-11-14 09:42:05'),
(18, 'Grilled Chicken', 550, 9, 24, 1, 'grilled_chicken.jpg', 'Chicken, Herbs, Spices', 'LRWWDZIU', '', '2025-11-10 06:33:11', '2025-11-14 09:42:04'),
(19, 'Salmon Sushi', 950, 8, 14, 1, 'salmon_sushi.jpg', 'Salmon, Rice, Seaweed', '0BNVHVMQ', 'Premium', '2025-11-10 06:33:11', '2025-11-14 09:42:03'),
(20, 'French Toast', 130, 10, 23, 1, 'french_toast.jpg', 'Bread, Eggs, Milk, Sugar, Butter', 'SP1254FK', 'Breakfast special', '2025-11-10 06:33:11', '2025-11-14 09:42:02'),
(21, 'Butter Chicken', 450, 1, 12, 1, 'food-1763184741.jpg', 'Chicken, butter, tomato, cream, spices.', 'SKU-1763184741', 'Foods', '2025-11-15 05:32:21', '2025-11-15 05:40:08'),
(22, 'Butter Chicken', 450, 1, 12, 1, 'food-1763184759.jpg', 'Carrot, cabbage, onion, noodles, flour wrap, soy sauce.', 'SKU-1763184759', 'Foods', '2025-11-15 05:32:39', '2025-11-15 05:41:30');

-- --------------------------------------------------------

--
-- Table structure for table `food_categories`
--

CREATE TABLE `food_categories` (
  `id` bigint(20) UNSIGNED NOT NULL,
  `name` varchar(255) NOT NULL,
  `created_at` timestamp NULL DEFAULT NULL,
  `updated_at` timestamp NULL DEFAULT NULL
) ENGINE=InnoDB DEFAULT CHARSET=utf8mb4 COLLATE=utf8mb4_unicode_ci;

--
-- Dumping data for table `food_categories`
--

INSERT INTO `food_categories` (`id`, `name`, `created_at`, `updated_at`) VALUES
(1, 'Burgers', '2025-11-10 06:33:11', '2025-11-10 06:33:11'),
(2, 'Pizza', '2025-11-10 06:33:11', '2025-11-10 06:33:11'),
(3, 'Sandwiches', '2025-11-10 06:33:11', '2025-11-10 06:33:11'),
(4, 'Pasta', '2025-11-10 06:33:11', '2025-11-10 06:33:11'),
(5, 'Salads', '2025-11-10 06:33:11', '2025-11-10 06:33:11'),
(6, 'Desserts', '2025-11-10 06:33:11', '2025-11-10 06:33:11'),
(7, 'Beverages', '2025-11-10 06:33:11', '2025-11-10 06:33:11'),
(8, 'Seafood', '2025-11-10 06:33:11', '2025-11-10 06:33:11'),
(9, 'Grill', '2025-11-10 06:33:11', '2025-11-10 06:33:11'),
(10, 'Breakfast', '2025-11-10 06:33:11', '2025-11-10 06:33:11');

-- --------------------------------------------------------

--
-- Table structure for table `migrations`
--

CREATE TABLE `migrations` (
  `id` int(10) UNSIGNED NOT NULL,
  `migration` varchar(255) NOT NULL,
  `batch` int(11) NOT NULL
) ENGINE=InnoDB DEFAULT CHARSET=utf8mb4 COLLATE=utf8mb4_unicode_ci;

--
-- Dumping data for table `migrations`
--

INSERT INTO `migrations` (`id`, `migration`, `batch`) VALUES
(51, '2025_11_10_084644_create_orders_table', 1),
(67, '2014_10_12_000000_create_users_table', 2),
(68, '2014_10_12_100000_create_password_reset_tokens_table', 2),
(69, '2014_10_12_100000_create_password_resets_table', 2),
(70, '2019_08_19_000000_create_failed_jobs_table', 2),
(71, '2019_12_14_000001_create_personal_access_tokens_table', 2),
(72, '2025_11_10_041538_create_admins_table', 2),
(73, '2025_11_10_070245_create_food_categories_table', 2),
(74, '2025_11_10_070248_create_food_table', 2),
(75, '2025_11_10_084359_create_carts_table', 2),
(76, '2025_11_10_085815_create_stocks_table', 2),
(77, '2025_11_10_095452_create_companies_table', 2),
(78, '2025_11_10_100934_create_payment_methods_table', 2),
(79, '2025_11_10_123159_create_orders_table', 2),
(80, '2025_11_11_075416_create_due_collections_table', 3);

-- --------------------------------------------------------

--
-- Table structure for table `orders`
--

CREATE TABLE `orders` (
  `id` bigint(20) UNSIGNED NOT NULL,
  `date` date NOT NULL,
  `user_id` bigint(20) UNSIGNED NOT NULL,
  `reg` bigint(20) UNSIGNED NOT NULL,
  `total` decimal(12,2) DEFAULT NULL,
  `discount` decimal(12,2) DEFAULT NULL,
  `vat` decimal(12,2) DEFAULT NULL,
  `payable` decimal(12,2) DEFAULT NULL,
  `pay` decimal(12,2) DEFAULT NULL,
  `due` decimal(12,2) DEFAULT NULL,
  `kitchen` int(10) UNSIGNED NOT NULL DEFAULT 0,
  `paymentMethod` int(11) NOT NULL,
  `customerName` varchar(255) NOT NULL DEFAULT '0',
  `customerPhone` int(11) NOT NULL DEFAULT 0,
  `status` int(11) NOT NULL DEFAULT 0,
  `created_at` timestamp NULL DEFAULT NULL,
  `updated_at` timestamp NULL DEFAULT NULL
) ENGINE=InnoDB DEFAULT CHARSET=utf8mb4 COLLATE=utf8mb4_unicode_ci;

--
-- Dumping data for table `orders`
--

INSERT INTO `orders` (`id`, `date`, `user_id`, `reg`, `total`, `discount`, `vat`, `payable`, `pay`, `due`, `kitchen`, `paymentMethod`, `customerName`, `customerPhone`, `status`, `created_at`, `updated_at`) VALUES
(15, '2025-11-14', 1, 2025111411, 3240.00, 15.00, 0.00, 3225.00, 3000.00, 225.00, 1, 1, 'Samim Hossain', 1762164746, 0, '2025-11-13 23:55:15', '2025-11-13 23:55:15'),
(16, '2025-11-14', 1, 2025111412, 3240.00, 0.00, 0.00, 3240.00, 3240.00, 0.00, 2, 1, '0', 0, 1, '2025-11-13 23:55:26', '2025-11-13 23:55:26'),
(17, '2025-11-14', 1, 2025111413, 1840.00, 0.00, 0.00, 1840.00, 1500.00, 340.00, 3, 1, 'Samim Hossain', 1762164746, 0, '2025-11-14 00:20:00', '2025-11-14 00:20:00'),
(18, '2025-11-14', 1, 2025111414, 1400.00, 0.00, 0.00, 1400.00, 1400.00, 0.00, 1, 1, '0', 0, 1, '2025-11-14 06:22:07', '2025-11-14 06:22:07'),
(19, '2025-11-14', 1, 2025111415, 3360.00, 0.00, 0.00, 3360.00, 1000.00, 2360.00, 2, 1, 'Samim Hossain', 1762164746, 0, '2025-11-14 06:22:15', '2025-11-14 09:38:06'),
(20, '2025-11-14', 1, 2025111416, 1780.00, 0.00, 0.00, 1780.00, 1000.00, 780.00, 1, 1, 'Samim Hossain', 1762164746, 0, '2025-11-14 06:22:22', '2025-11-14 06:22:22'),
(21, '2025-11-14', 1, 2025111417, 1580.00, 0.00, 0.00, 1580.00, 1580.00, 0.00, 3, 1, '0', 0, 1, '2025-11-14 06:22:34', '2025-11-14 09:10:20'),
(22, '2025-11-14', 1, 2025111418, 3360.00, 864.00, 504.00, 3000.00, 0.00, 3000.00, 1, 1, 'Samim Hossain', 1762164746, 1, '2025-11-14 09:36:57', '2025-11-14 09:37:55'),
(23, '2025-11-14', 1, 2025111419, 5750.00, 612.00, 862.50, 6000.50, 0.00, 6000.50, 0, 1, 'Samim Hossain', 1762164746, 0, '2025-11-14 09:42:23', '2025-11-14 09:42:23'),
(24, '2025-11-14', 1, 20251114110, 6850.00, 150.00, 1027.50, 7727.50, 5000.00, 2727.50, 0, 1, 'Samim Hossain', 1762164746, 0, '2025-11-14 09:59:44', '2025-11-14 10:36:38'),
(25, '2025-11-14', 1, 20251114111, 1580.00, 58.00, 158.00, 1680.00, 1600.00, 80.00, 0, 1, 'Samim Hossain', 1762164746, 0, '2025-11-14 10:12:54', '2025-11-14 10:37:35'),
(26, '2025-11-14', 1, 20251114112, 250.00, 0.00, 0.00, 250.00, 250.00, 0.00, 0, 1, 'Samim Hossain', 1762164746, 1, '2025-11-14 10:38:01', '2025-11-14 11:04:17');

-- --------------------------------------------------------

--
-- Table structure for table `password_resets`
--

CREATE TABLE `password_resets` (
  `email` varchar(255) NOT NULL,
  `token` varchar(255) NOT NULL,
  `created_at` timestamp NULL DEFAULT NULL
) ENGINE=InnoDB DEFAULT CHARSET=utf8mb4 COLLATE=utf8mb4_unicode_ci;

-- --------------------------------------------------------

--
-- Table structure for table `password_reset_tokens`
--

CREATE TABLE `password_reset_tokens` (
  `email` varchar(255) NOT NULL,
  `token` varchar(255) NOT NULL,
  `created_at` timestamp NULL DEFAULT NULL
) ENGINE=InnoDB DEFAULT CHARSET=utf8mb4 COLLATE=utf8mb4_unicode_ci;

-- --------------------------------------------------------

--
-- Table structure for table `payment_methods`
--

CREATE TABLE `payment_methods` (
  `id` bigint(20) UNSIGNED NOT NULL,
  `name` varchar(255) NOT NULL,
  `description` varchar(255) DEFAULT NULL,
  `status` tinyint(1) NOT NULL DEFAULT 1,
  `created_at` timestamp NULL DEFAULT NULL,
  `updated_at` timestamp NULL DEFAULT NULL
) ENGINE=InnoDB DEFAULT CHARSET=utf8mb4 COLLATE=utf8mb4_unicode_ci;

--
-- Dumping data for table `payment_methods`
--

INSERT INTO `payment_methods` (`id`, `name`, `description`, `status`, `created_at`, `updated_at`) VALUES
(1, 'Cash', NULL, 1, '2025-11-10 06:33:11', '2025-11-10 06:33:11'),
(2, 'Bkash', NULL, 1, '2025-11-10 06:33:11', '2025-11-10 06:33:11'),
(3, 'Nagad', NULL, 1, '2025-11-10 06:33:11', '2025-11-10 06:33:11'),
(4, 'Rocket', NULL, 1, '2025-11-10 06:33:11', '2025-11-10 06:33:11'),
(5, 'Card', NULL, 1, '2025-11-10 06:33:11', '2025-11-10 06:33:11');

-- --------------------------------------------------------

--
-- Table structure for table `personal_access_tokens`
--

CREATE TABLE `personal_access_tokens` (
  `id` bigint(20) UNSIGNED NOT NULL,
  `tokenable_type` varchar(255) NOT NULL,
  `tokenable_id` bigint(20) UNSIGNED NOT NULL,
  `name` varchar(255) NOT NULL,
  `token` varchar(64) NOT NULL,
  `abilities` text DEFAULT NULL,
  `last_used_at` timestamp NULL DEFAULT NULL,
  `expires_at` timestamp NULL DEFAULT NULL,
  `created_at` timestamp NULL DEFAULT NULL,
  `updated_at` timestamp NULL DEFAULT NULL
) ENGINE=InnoDB DEFAULT CHARSET=utf8mb4 COLLATE=utf8mb4_unicode_ci;

-- --------------------------------------------------------

--
-- Table structure for table `stocks`
--

CREATE TABLE `stocks` (
  `id` bigint(20) UNSIGNED NOT NULL,
  `reg` bigint(20) UNSIGNED NOT NULL DEFAULT 0,
  `date` date NOT NULL,
  `foodId` bigint(20) UNSIGNED NOT NULL,
  `stockIn` int(11) NOT NULL DEFAULT 0,
  `stockOut` int(11) NOT NULL DEFAULT 0,
  `remark` varchar(255) DEFAULT NULL,
  `status` int(11) NOT NULL DEFAULT 0,
  `created_at` timestamp NULL DEFAULT NULL,
  `updated_at` timestamp NULL DEFAULT NULL
) ENGINE=InnoDB DEFAULT CHARSET=utf8mb4 COLLATE=utf8mb4_unicode_ci;

--
-- Dumping data for table `stocks`
--

INSERT INTO `stocks` (`id`, `reg`, `date`, `foodId`, `stockIn`, `stockOut`, `remark`, `status`, `created_at`, `updated_at`) VALUES
(1, 2025111011, '2025-11-10', 1, 0, 1, NULL, 1, '2025-11-10 06:33:47', '2025-11-10 06:33:47'),
(2, 2025111011, '2025-11-10', 2, 0, 1, NULL, 1, '2025-11-10 06:33:48', '2025-11-10 06:33:48'),
(3, 2025111011, '2025-11-10', 3, 0, 1, NULL, 1, '2025-11-10 06:33:49', '2025-11-10 06:33:49'),
(4, 2025111012, '2025-11-10', 1, 0, 1, NULL, 1, '2025-11-10 06:35:04', '2025-11-10 06:35:04'),
(5, 2025111012, '2025-11-10', 2, 0, 1, NULL, 1, '2025-11-10 06:35:05', '2025-11-10 06:35:05'),
(6, 2025111012, '2025-11-10', 3, 0, 1, NULL, 1, '2025-11-10 06:35:05', '2025-11-10 06:35:05'),
(7, 2025111013, '2025-11-10', 1, 0, 1, NULL, 1, '2025-11-10 06:36:18', '2025-11-10 06:36:18'),
(8, 2025111013, '2025-11-10', 2, 0, 1, NULL, 1, '2025-11-10 06:36:56', '2025-11-10 06:36:56'),
(9, 2025111013, '2025-11-10', 3, 0, 1, NULL, 1, '2025-11-10 06:36:59', '2025-11-10 06:36:59'),
(10, 2025111014, '2025-11-10', 1, 0, 10, NULL, 1, '2025-11-10 06:38:25', '2025-11-10 06:38:35'),
(11, 2025111014, '2025-11-10', 2, 0, 1, NULL, 1, '2025-11-10 06:38:26', '2025-11-10 06:38:26'),
(12, 2025111014, '2025-11-10', 3, 0, 1, NULL, 1, '2025-11-10 06:38:26', '2025-11-10 06:38:26'),
(13, 2025111015, '2025-11-10', 1, 0, 1, NULL, 1, '2025-11-10 06:43:01', '2025-11-10 06:43:01'),
(14, 2025111015, '2025-11-10', 2, 0, 1, NULL, 1, '2025-11-10 06:43:03', '2025-11-10 06:43:03'),
(15, 2025111015, '2025-11-10', 3, 0, 1, NULL, 1, '2025-11-10 06:43:04', '2025-11-10 06:43:04'),
(16, 2025111116, '2025-11-11', 1, 0, 1, NULL, 1, '2025-11-11 00:33:43', '2025-11-11 00:33:43'),
(17, 2025111116, '2025-11-11', 2, 0, 1, NULL, 1, '2025-11-11 00:33:43', '2025-11-11 00:33:43'),
(18, 2025111116, '2025-11-11', 3, 0, 1, NULL, 1, '2025-11-11 00:33:44', '2025-11-11 00:33:44'),
(19, 2025111116, '2025-11-11', 4, 0, 1, NULL, 1, '2025-11-11 00:33:45', '2025-11-11 00:33:45'),
(20, 2025111117, '2025-11-11', 1, 0, 1, NULL, 1, '2025-11-11 00:34:55', '2025-11-11 00:34:55'),
(21, 2025111117, '2025-11-11', 2, 0, 1, NULL, 1, '2025-11-11 00:34:56', '2025-11-11 00:34:56'),
(22, 2025111117, '2025-11-11', 3, 0, 1, NULL, 1, '2025-11-11 00:34:57', '2025-11-11 00:34:57'),
(23, 2025111117, '2025-11-11', 4, 0, 1, NULL, 1, '2025-11-11 00:34:57', '2025-11-11 00:34:57'),
(24, 2025111118, '2025-11-11', 1, 0, 1, NULL, 1, '2025-11-11 00:41:28', '2025-11-11 00:41:28'),
(25, 2025111118, '2025-11-11', 2, 0, 1, NULL, 1, '2025-11-11 00:41:28', '2025-11-11 00:41:28'),
(26, 2025111118, '2025-11-11', 3, 0, 1, NULL, 1, '2025-11-11 00:41:29', '2025-11-11 00:41:29'),
(27, 2025111118, '2025-11-11', 5, 0, 1, NULL, 1, '2025-11-11 00:41:30', '2025-11-11 00:41:30'),
(28, 2025111119, '2025-11-11', 6, 0, 1, NULL, 1, '2025-11-11 00:45:16', '2025-11-11 00:45:16'),
(29, 2025111119, '2025-11-11', 1, 0, 1, NULL, 1, '2025-11-11 00:45:18', '2025-11-11 00:45:18'),
(30, 2025111119, '2025-11-11', 2, 0, 1, NULL, 1, '2025-11-11 00:45:19', '2025-11-11 00:45:19'),
(31, 2025111119, '2025-11-11', 3, 0, 1, NULL, 1, '2025-11-11 00:45:20', '2025-11-11 00:45:20'),
(34, 2025111111, '2025-11-11', 1, 0, 1, NULL, 1, '2025-11-11 01:22:49', '2025-11-11 01:22:49'),
(35, 2025111111, '2025-11-11', 2, 0, 1, NULL, 1, '2025-11-11 01:22:50', '2025-11-11 01:22:50'),
(36, 2025111111, '2025-11-11', 3, 0, 1, NULL, 1, '2025-11-11 01:22:50', '2025-11-11 01:22:50'),
(37, 2025111112, '2025-11-11', 1, 0, 1, NULL, 1, '2025-11-11 01:23:05', '2025-11-11 01:23:05'),
(38, 2025111112, '2025-11-11', 2, 0, 1, NULL, 1, '2025-11-11 01:23:05', '2025-11-11 01:23:05'),
(39, 2025111112, '2025-11-11', 3, 0, 1, NULL, 1, '2025-11-11 01:23:06', '2025-11-11 01:23:06'),
(40, 2025111113, '2025-11-11', 1, 0, 1, NULL, 1, '2025-11-11 01:27:22', '2025-11-11 01:27:22'),
(41, 2025111113, '2025-11-11', 2, 0, 1, NULL, 1, '2025-11-11 01:27:22', '2025-11-11 01:27:22'),
(42, 2025111113, '2025-11-11', 3, 0, 1, NULL, 1, '2025-11-11 01:27:23', '2025-11-11 01:27:23'),
(43, 2025111113, '2025-11-11', 5, 0, 1, NULL, 1, '2025-11-11 01:27:25', '2025-11-11 01:27:25'),
(44, 2025111114, '2025-11-11', 1, 0, 1, NULL, 1, '2025-11-11 03:03:52', '2025-11-11 03:03:52'),
(45, 2025111415, '2025-11-14', 1, 0, 1, NULL, 1, '2025-11-13 23:51:11', '2025-11-13 23:51:11'),
(46, 2025111415, '2025-11-14', 2, 0, 1, NULL, 1, '2025-11-13 23:51:12', '2025-11-13 23:51:12'),
(47, 2025111415, '2025-11-14', 3, 0, 1, NULL, 1, '2025-11-13 23:51:12', '2025-11-13 23:51:12'),
(48, 2025111415, '2025-11-14', 4, 0, 1, NULL, 1, '2025-11-13 23:51:13', '2025-11-13 23:51:13'),
(49, 2025111415, '2025-11-14', 5, 0, 1, NULL, 1, '2025-11-13 23:51:16', '2025-11-13 23:51:16'),
(50, 2025111415, '2025-11-14', 7, 0, 1, NULL, 1, '2025-11-13 23:51:20', '2025-11-13 23:51:20'),
(51, 2025111415, '2025-11-14', 8, 0, 1, NULL, 1, '2025-11-13 23:51:20', '2025-11-13 23:51:20'),
(52, 2025111415, '2025-11-14', 9, 0, 1, NULL, 1, '2025-11-13 23:51:21', '2025-11-13 23:51:21'),
(53, 2025111415, '2025-11-14', 10, 0, 1, NULL, 1, '2025-11-13 23:51:23', '2025-11-13 23:51:23'),
(54, 2025111411, '2025-11-14', 1, 0, 1, NULL, 1, '2025-11-13 23:55:03', '2025-11-13 23:55:03'),
(55, 2025111411, '2025-11-14', 2, 0, 1, NULL, 1, '2025-11-13 23:55:04', '2025-11-13 23:55:04'),
(56, 2025111411, '2025-11-14', 3, 0, 1, NULL, 1, '2025-11-13 23:55:04', '2025-11-13 23:55:04'),
(57, 2025111411, '2025-11-14', 4, 0, 1, NULL, 1, '2025-11-13 23:55:05', '2025-11-13 23:55:05'),
(58, 2025111411, '2025-11-14', 5, 0, 1, NULL, 1, '2025-11-13 23:55:05', '2025-11-13 23:55:05'),
(59, 2025111411, '2025-11-14', 7, 0, 1, NULL, 1, '2025-11-13 23:55:07', '2025-11-13 23:55:07'),
(60, 2025111411, '2025-11-14', 8, 0, 1, NULL, 1, '2025-11-13 23:55:08', '2025-11-13 23:55:08'),
(61, 2025111411, '2025-11-14', 9, 0, 1, NULL, 1, '2025-11-13 23:55:09', '2025-11-13 23:55:09'),
(62, 2025111412, '2025-11-14', 1, 0, 1, NULL, 1, '2025-11-13 23:55:18', '2025-11-13 23:55:18'),
(63, 2025111412, '2025-11-14', 2, 0, 1, NULL, 1, '2025-11-13 23:55:18', '2025-11-13 23:55:18'),
(64, 2025111412, '2025-11-14', 3, 0, 1, NULL, 1, '2025-11-13 23:55:19', '2025-11-13 23:55:19'),
(65, 2025111412, '2025-11-14', 4, 0, 1, NULL, 1, '2025-11-13 23:55:20', '2025-11-13 23:55:20'),
(66, 2025111412, '2025-11-14', 5, 0, 1, NULL, 1, '2025-11-13 23:55:20', '2025-11-13 23:55:20'),
(67, 2025111412, '2025-11-14', 7, 0, 1, NULL, 1, '2025-11-13 23:55:21', '2025-11-13 23:55:21'),
(68, 2025111412, '2025-11-14', 8, 0, 1, NULL, 1, '2025-11-13 23:55:22', '2025-11-13 23:55:22'),
(69, 2025111412, '2025-11-14', 9, 0, 1, NULL, 1, '2025-11-13 23:55:22', '2025-11-13 23:55:22'),
(70, 2025111413, '2025-11-14', 1, 0, 1, NULL, 1, '2025-11-14 00:19:49', '2025-11-14 00:19:49'),
(71, 2025111413, '2025-11-14', 2, 0, 1, NULL, 1, '2025-11-14 00:19:50', '2025-11-14 00:19:50'),
(72, 2025111413, '2025-11-14', 3, 0, 1, NULL, 1, '2025-11-14 00:19:51', '2025-11-14 00:19:51'),
(73, 2025111413, '2025-11-14', 4, 0, 1, NULL, 1, '2025-11-14 00:19:51', '2025-11-14 00:19:51'),
(74, 2025111413, '2025-11-14', 5, 0, 1, NULL, 1, '2025-11-14 00:19:52', '2025-11-14 00:19:52'),
(75, 2025111413, '2025-11-14', 7, 0, 1, NULL, 1, '2025-11-14 00:19:53', '2025-11-14 00:19:53'),
(76, 2025111414, '2025-11-14', 1, 0, 1, NULL, 1, '2025-11-14 06:22:01', '2025-11-14 06:22:01'),
(77, 2025111414, '2025-11-14', 2, 0, 1, NULL, 1, '2025-11-14 06:22:02', '2025-11-14 06:22:02'),
(78, 2025111414, '2025-11-14', 4, 0, 1, NULL, 1, '2025-11-14 06:22:02', '2025-11-14 06:22:02'),
(79, 2025111416, '2025-11-14', 1, 0, 1, NULL, 1, '2025-11-14 06:22:17', '2025-11-14 06:22:17'),
(80, 2025111416, '2025-11-14', 2, 0, 1, NULL, 1, '2025-11-14 06:22:18', '2025-11-14 06:22:18'),
(81, 2025111416, '2025-11-14', 3, 0, 1, NULL, 1, '2025-11-14 06:22:18', '2025-11-14 06:22:18'),
(82, 2025111416, '2025-11-14', 4, 0, 1, NULL, 1, '2025-11-14 06:22:19', '2025-11-14 06:22:19'),
(83, 2025111416, '2025-11-14', 5, 0, 1, NULL, 1, '2025-11-14 06:22:19', '2025-11-14 06:22:19'),
(84, 2025111417, '2025-11-14', 11, 0, 1, NULL, 1, '2025-11-14 06:22:25', '2025-11-14 06:22:25'),
(85, 2025111417, '2025-11-14', 1, 0, 1, NULL, 1, '2025-11-14 06:22:25', '2025-11-14 06:22:25'),
(86, 2025111417, '2025-11-14', 3, 0, 1, NULL, 1, '2025-11-14 06:22:26', '2025-11-14 06:22:26'),
(87, 2025111417, '2025-11-14', 2, 0, 1, NULL, 1, '2025-11-14 06:22:27', '2025-11-14 06:22:27'),
(88, 2025111417, '2025-11-14', 20, 0, 1, NULL, 1, '2025-11-14 06:22:29', '2025-11-14 06:22:29'),
(89, 2025111418, '2025-11-14', 1, 0, 1, NULL, 1, '2025-11-14 09:36:29', '2025-11-14 09:36:29'),
(90, 2025111418, '2025-11-14', 2, 0, 1, NULL, 1, '2025-11-14 09:36:30', '2025-11-14 09:36:30'),
(91, 2025111418, '2025-11-14', 3, 0, 1, NULL, 1, '2025-11-14 09:36:31', '2025-11-14 09:36:31'),
(92, 2025111418, '2025-11-14', 4, 0, 1, NULL, 1, '2025-11-14 09:36:31', '2025-11-14 09:36:31'),
(93, 2025111418, '2025-11-14', 5, 0, 1, NULL, 1, '2025-11-14 09:36:32', '2025-11-14 09:36:32'),
(94, 2025111418, '2025-11-14', 7, 0, 1, NULL, 1, '2025-11-14 09:36:33', '2025-11-14 09:36:33'),
(95, 2025111418, '2025-11-14', 8, 0, 1, NULL, 1, '2025-11-14 09:36:34', '2025-11-14 09:36:34'),
(96, 2025111418, '2025-11-14', 9, 0, 1, NULL, 1, '2025-11-14 09:36:34', '2025-11-14 09:36:34'),
(97, 2025111418, '2025-11-14', 10, 0, 1, NULL, 1, '2025-11-14 09:36:35', '2025-11-14 09:36:35'),
(100, 2025111419, '2025-11-14', 12, 0, 1, NULL, 1, '2025-11-14 09:41:51', '2025-11-14 09:41:51'),
(101, 2025111419, '2025-11-14', 11, 0, 1, NULL, 1, '2025-11-14 09:41:53', '2025-11-14 09:41:53'),
(102, 2025111419, '2025-11-14', 10, 0, 1, NULL, 1, '2025-11-14 09:41:54', '2025-11-14 09:41:54'),
(103, 2025111419, '2025-11-14', 9, 0, 1, NULL, 1, '2025-11-14 09:41:55', '2025-11-14 09:41:55'),
(104, 2025111419, '2025-11-14', 4, 0, 1, NULL, 1, '2025-11-14 09:41:56', '2025-11-14 09:41:56'),
(105, 2025111419, '2025-11-14', 3, 0, 1, NULL, 1, '2025-11-14 09:41:57', '2025-11-14 09:41:57'),
(106, 2025111419, '2025-11-14', 2, 0, 1, NULL, 1, '2025-11-14 09:41:58', '2025-11-14 09:41:58'),
(107, 2025111419, '2025-11-14', 1, 0, 1, NULL, 1, '2025-11-14 09:41:59', '2025-11-14 09:41:59'),
(108, 2025111419, '2025-11-14', 20, 0, 1, NULL, 1, '2025-11-14 09:42:02', '2025-11-14 09:42:02'),
(109, 2025111419, '2025-11-14', 19, 0, 1, NULL, 1, '2025-11-14 09:42:03', '2025-11-14 09:42:03'),
(110, 2025111419, '2025-11-14', 18, 0, 1, NULL, 1, '2025-11-14 09:42:04', '2025-11-14 09:42:04'),
(111, 2025111419, '2025-11-14', 17, 0, 1, NULL, 1, '2025-11-14 09:42:05', '2025-11-14 09:42:05'),
(112, 2025111419, '2025-11-14', 13, 0, 1, NULL, 1, '2025-11-14 09:42:06', '2025-11-14 09:42:06'),
(113, 2025111419, '2025-11-14', 14, 0, 1, NULL, 1, '2025-11-14 09:42:07', '2025-11-14 09:42:07'),
(114, 2025111419, '2025-11-14', 15, 0, 1, NULL, 1, '2025-11-14 09:42:07', '2025-11-14 09:42:07'),
(115, 2025111419, '2025-11-14', 16, 0, 1, NULL, 1, '2025-11-14 09:42:08', '2025-11-14 09:42:08'),
(116, 20251114110, '2025-11-14', 1, 0, 3, NULL, 1, '2025-11-14 09:59:25', '2025-11-14 10:28:01'),
(117, 20251114110, '2025-11-14', 2, 0, 4, NULL, 1, '2025-11-14 09:59:26', '2025-11-14 10:08:40'),
(118, 20251114110, '2025-11-14', 3, 0, 4, NULL, 1, '2025-11-14 09:59:27', '2025-11-14 10:28:03'),
(119, 20251114110, '2025-11-14', 4, 0, 4, NULL, 1, '2025-11-14 09:59:27', '2025-11-14 10:28:06'),
(120, 20251114110, '2025-11-14', 5, 0, 3, NULL, 1, '2025-11-14 09:59:28', '2025-11-14 10:21:36'),
(121, 20251114110, '2025-11-14', 7, 0, 3, NULL, 1, '2025-11-14 09:59:35', '2025-11-14 10:28:27'),
(123, 20251114111, '2025-11-14', 1, 0, 1, NULL, 1, '2025-11-14 10:12:49', '2025-11-14 10:12:49'),
(124, 20251114111, '2025-11-14', 2, 0, 1, NULL, 1, '2025-11-14 10:13:00', '2025-11-14 10:15:54'),
(125, 20251114111, '2025-11-14', 3, 0, 1, NULL, 1, '2025-11-14 10:37:21', '2025-11-14 10:37:21'),
(126, 20251114111, '2025-11-14', 4, 0, 1, NULL, 1, '2025-11-14 10:37:21', '2025-11-14 10:37:21'),
(127, 20251114112, '2025-11-14', 1, 0, 1, NULL, 1, '2025-11-14 10:37:58', '2025-11-14 10:37:58'),
(134, 0, '2025-11-15', 2, 10, 0, 'Stock In', 0, '2025-11-15 04:49:27', '2025-11-15 04:49:27');

-- --------------------------------------------------------

--
-- Table structure for table `users`
--

CREATE TABLE `users` (
  `id` bigint(20) UNSIGNED NOT NULL,
  `name` varchar(255) NOT NULL,
  `email` varchar(255) NOT NULL,
  `email_verified_at` timestamp NULL DEFAULT NULL,
  `password` varchar(255) NOT NULL,
  `remember_token` varchar(100) DEFAULT NULL,
  `created_at` timestamp NULL DEFAULT NULL,
  `updated_at` timestamp NULL DEFAULT NULL
) ENGINE=InnoDB DEFAULT CHARSET=utf8mb4 COLLATE=utf8mb4_unicode_ci;

--
-- Indexes for dumped tables
--

--
-- Indexes for table `admins`
--
ALTER TABLE `admins`
  ADD PRIMARY KEY (`id`),
  ADD UNIQUE KEY `admins_email_unique` (`email`);

--
-- Indexes for table `carts`
--
ALTER TABLE `carts`
  ADD PRIMARY KEY (`id`);

--
-- Indexes for table `companies`
--
ALTER TABLE `companies`
  ADD PRIMARY KEY (`id`),
  ADD UNIQUE KEY `companies_email_unique` (`email`);

--
-- Indexes for table `due_collections`
--
ALTER TABLE `due_collections`
  ADD PRIMARY KEY (`id`),
  ADD KEY `due_collections_user_id_foreign` (`user_id`);

--
-- Indexes for table `failed_jobs`
--
ALTER TABLE `failed_jobs`
  ADD PRIMARY KEY (`id`),
  ADD UNIQUE KEY `failed_jobs_uuid_unique` (`uuid`);

--
-- Indexes for table `food`
--
ALTER TABLE `food`
  ADD PRIMARY KEY (`id`),
  ADD UNIQUE KEY `food_sku_unique` (`sku`),
  ADD KEY `food_category_id_foreign` (`category_id`);

--
-- Indexes for table `food_categories`
--
ALTER TABLE `food_categories`
  ADD PRIMARY KEY (`id`);

--
-- Indexes for table `migrations`
--
ALTER TABLE `migrations`
  ADD PRIMARY KEY (`id`);

--
-- Indexes for table `orders`
--
ALTER TABLE `orders`
  ADD PRIMARY KEY (`id`),
  ADD UNIQUE KEY `orders_reg_unique` (`reg`),
  ADD KEY `orders_user_id_foreign` (`user_id`);

--
-- Indexes for table `password_resets`
--
ALTER TABLE `password_resets`
  ADD KEY `password_resets_email_index` (`email`);

--
-- Indexes for table `password_reset_tokens`
--
ALTER TABLE `password_reset_tokens`
  ADD PRIMARY KEY (`email`);

--
-- Indexes for table `payment_methods`
--
ALTER TABLE `payment_methods`
  ADD PRIMARY KEY (`id`),
  ADD UNIQUE KEY `payment_methods_name_unique` (`name`);

--
-- Indexes for table `personal_access_tokens`
--
ALTER TABLE `personal_access_tokens`
  ADD PRIMARY KEY (`id`),
  ADD UNIQUE KEY `personal_access_tokens_token_unique` (`token`),
  ADD KEY `personal_access_tokens_tokenable_type_tokenable_id_index` (`tokenable_type`,`tokenable_id`);

--
-- Indexes for table `stocks`
--
ALTER TABLE `stocks`
  ADD PRIMARY KEY (`id`),
  ADD KEY `stocks_foodid_foreign` (`foodId`);

--
-- Indexes for table `users`
--
ALTER TABLE `users`
  ADD PRIMARY KEY (`id`),
  ADD UNIQUE KEY `users_email_unique` (`email`);

--
-- AUTO_INCREMENT for dumped tables
--

--
-- AUTO_INCREMENT for table `admins`
--
ALTER TABLE `admins`
  MODIFY `id` bigint(20) UNSIGNED NOT NULL AUTO_INCREMENT, AUTO_INCREMENT=2;

--
-- AUTO_INCREMENT for table `carts`
--
ALTER TABLE `carts`
  MODIFY `id` bigint(20) UNSIGNED NOT NULL AUTO_INCREMENT, AUTO_INCREMENT=133;

--
-- AUTO_INCREMENT for table `companies`
--
ALTER TABLE `companies`
  MODIFY `id` bigint(20) UNSIGNED NOT NULL AUTO_INCREMENT, AUTO_INCREMENT=2;

--
-- AUTO_INCREMENT for table `due_collections`
--
ALTER TABLE `due_collections`
  MODIFY `id` bigint(20) UNSIGNED NOT NULL AUTO_INCREMENT, AUTO_INCREMENT=8;

--
-- AUTO_INCREMENT for table `failed_jobs`
--
ALTER TABLE `failed_jobs`
  MODIFY `id` bigint(20) UNSIGNED NOT NULL AUTO_INCREMENT;

--
-- AUTO_INCREMENT for table `food`
--
ALTER TABLE `food`
  MODIFY `id` bigint(20) UNSIGNED NOT NULL AUTO_INCREMENT, AUTO_INCREMENT=23;

--
-- AUTO_INCREMENT for table `food_categories`
--
ALTER TABLE `food_categories`
  MODIFY `id` bigint(20) UNSIGNED NOT NULL AUTO_INCREMENT, AUTO_INCREMENT=11;

--
-- AUTO_INCREMENT for table `migrations`
--
ALTER TABLE `migrations`
  MODIFY `id` int(10) UNSIGNED NOT NULL AUTO_INCREMENT, AUTO_INCREMENT=81;

--
-- AUTO_INCREMENT for table `orders`
--
ALTER TABLE `orders`
  MODIFY `id` bigint(20) UNSIGNED NOT NULL AUTO_INCREMENT, AUTO_INCREMENT=28;

--
-- AUTO_INCREMENT for table `payment_methods`
--
ALTER TABLE `payment_methods`
  MODIFY `id` bigint(20) UNSIGNED NOT NULL AUTO_INCREMENT, AUTO_INCREMENT=6;

--
-- AUTO_INCREMENT for table `personal_access_tokens`
--
ALTER TABLE `personal_access_tokens`
  MODIFY `id` bigint(20) UNSIGNED NOT NULL AUTO_INCREMENT;

--
-- AUTO_INCREMENT for table `stocks`
--
ALTER TABLE `stocks`
  MODIFY `id` bigint(20) UNSIGNED NOT NULL AUTO_INCREMENT, AUTO_INCREMENT=135;

--
-- AUTO_INCREMENT for table `users`
--
ALTER TABLE `users`
  MODIFY `id` bigint(20) UNSIGNED NOT NULL AUTO_INCREMENT;

--
-- Constraints for dumped tables
--

--
-- Constraints for table `due_collections`
--
ALTER TABLE `due_collections`
  ADD CONSTRAINT `due_collections_user_id_foreign` FOREIGN KEY (`user_id`) REFERENCES `admins` (`id`);

--
-- Constraints for table `food`
--
ALTER TABLE `food`
  ADD CONSTRAINT `food_category_id_foreign` FOREIGN KEY (`category_id`) REFERENCES `food_categories` (`id`);

--
-- Constraints for table `orders`
--
ALTER TABLE `orders`
  ADD CONSTRAINT `orders_user_id_foreign` FOREIGN KEY (`user_id`) REFERENCES `admins` (`id`);

--
-- Constraints for table `stocks`
--
ALTER TABLE `stocks`
  ADD CONSTRAINT `stocks_foodid_foreign` FOREIGN KEY (`foodId`) REFERENCES `food` (`id`);
COMMIT;

/*!40101 SET CHARACTER_SET_CLIENT=@OLD_CHARACTER_SET_CLIENT */;
/*!40101 SET CHARACTER_SET_RESULTS=@OLD_CHARACTER_SET_RESULTS */;
/*!40101 SET COLLATION_CONNECTION=@OLD_COLLATION_CONNECTION */;
