-- phpMyAdmin SQL Dump
-- version 5.2.1
-- https://www.phpmyadmin.net/
--
-- Host: localhost
-- Generation Time: Nov 16, 2025 at 10:43 AM
-- Server version: 10.4.32-MariaDB
-- PHP Version: 8.2.12

SET SQL_MODE = "NO_AUTO_VALUE_ON_ZERO";
START TRANSACTION;
SET time_zone = "+00:00";


/*!40101 SET @OLD_CHARACTER_SET_CLIENT=@@CHARACTER_SET_CLIENT */;
/*!40101 SET @OLD_CHARACTER_SET_RESULTS=@@CHARACTER_SET_RESULTS */;
/*!40101 SET @OLD_COLLATION_CONNECTION=@@COLLATION_CONNECTION */;
/*!40101 SET NAMES utf8mb4 */;

--
-- Database: `rmsdb`
--

-- --------------------------------------------------------

--
-- Table structure for table `admins`
--

CREATE TABLE `admins` (
  `id` bigint(20) UNSIGNED NOT NULL,
  `name` varchar(255) NOT NULL,
  `email` varchar(255) NOT NULL,
  `facebook_id` varchar(255) DEFAULT NULL,
  `google_id` varchar(255) DEFAULT NULL,
  `github_id` varchar(255) DEFAULT NULL,
  `password` varchar(255) NOT NULL,
  `photo` varchar(255) DEFAULT NULL,
  `phone` varchar(255) DEFAULT NULL,
  `address` varchar(255) DEFAULT NULL,
  `dob` date DEFAULT NULL,
  `role` int(11) NOT NULL,
  `status` int(11) NOT NULL DEFAULT 0,
  `remember_token` varchar(100) DEFAULT NULL,
  `created_at` timestamp NULL DEFAULT NULL,
  `updated_at` timestamp NULL DEFAULT NULL
) ENGINE=InnoDB DEFAULT CHARSET=utf8mb4 COLLATE=utf8mb4_unicode_ci;

--
-- Dumping data for table `admins`
--

INSERT INTO `admins` (`id`, `name`, `email`, `facebook_id`, `google_id`, `github_id`, `password`, `photo`, `phone`, `address`, `dob`, `role`, `status`, `remember_token`, `created_at`, `updated_at`) VALUES
(1, 'SAMIM-HosseN', 'admin@admin.com', NULL, NULL, NULL, '$2y$12$R4YF11SvOwmJ1A84m7k8oeVn0hYR2H1LCSmiLwkwM/WJONqdqmSuW', 'user-1763192660.png', '01762164746', 'Dhaka', '2001-12-31', 1, 1, NULL, '2025-11-09 17:12:41', '2025-11-15 07:44:20');

-- --------------------------------------------------------

--
-- Table structure for table `carts`
--

CREATE TABLE `carts` (
  `id` bigint(20) UNSIGNED NOT NULL,
  `reg` bigint(20) UNSIGNED NOT NULL,
  `date` date NOT NULL,
  `userId` int(11) NOT NULL,
  `foodId` int(11) NOT NULL,
  `quantity` int(11) NOT NULL DEFAULT 1,
  `price` int(10) UNSIGNED NOT NULL,
  `created_at` timestamp NULL DEFAULT NULL,
  `updated_at` timestamp NULL DEFAULT NULL
) ENGINE=InnoDB DEFAULT CHARSET=utf8mb4 COLLATE=utf8mb4_unicode_ci;

--
-- Dumping data for table `carts`
--

INSERT INTO `carts` (`id`, `reg`, `date`, `userId`, `foodId`, `quantity`, `price`, `created_at`, `updated_at`) VALUES
(1, 2025111011, '2025-11-10', 1, 1, 1, 250, '2025-11-10 06:33:47', '2025-11-10 06:33:47'),
(2, 2025111011, '2025-11-10', 1, 2, 1, 800, '2025-11-10 06:33:48', '2025-11-10 06:33:48'),
(3, 2025111011, '2025-11-10', 1, 3, 1, 180, '2025-11-10 06:33:49', '2025-11-10 06:33:49'),
(4, 2025111012, '2025-11-10', 1, 1, 1, 250, '2025-11-10 06:35:04', '2025-11-10 06:35:04'),
(5, 2025111012, '2025-11-10', 1, 2, 1, 800, '2025-11-10 06:35:05', '2025-11-10 06:35:05'),
(6, 2025111012, '2025-11-10', 1, 3, 1, 180, '2025-11-10 06:35:05', '2025-11-10 06:35:05'),
(7, 2025111013, '2025-11-10', 1, 1, 1, 250, '2025-11-10 06:36:18', '2025-11-10 06:36:18'),
(8, 2025111013, '2025-11-10', 1, 2, 1, 800, '2025-11-10 06:36:56', '2025-11-10 06:36:56'),
(9, 2025111013, '2025-11-10', 1, 3, 1, 180, '2025-11-10 06:36:59', '2025-11-10 06:36:59'),
(10, 2025111014, '2025-11-10', 1, 1, 10, 250, '2025-11-10 06:38:25', '2025-11-10 06:38:35'),
(11, 2025111014, '2025-11-10', 1, 2, 1, 800, '2025-11-10 06:38:26', '2025-11-10 06:38:26'),
(12, 2025111014, '2025-11-10', 1, 3, 1, 180, '2025-11-10 06:38:26', '2025-11-10 06:38:26'),
(13, 2025111015, '2025-11-10', 1, 1, 1, 250, '2025-11-10 06:43:01', '2025-11-10 06:43:01'),
(14, 2025111015, '2025-11-10', 1, 2, 1, 800, '2025-11-10 06:43:03', '2025-11-10 06:43:03'),
(15, 2025111015, '2025-11-10', 1, 3, 1, 180, '2025-11-10 06:43:04', '2025-11-10 06:43:04'),
(16, 2025111116, '2025-11-11', 1, 1, 1, 250, '2025-11-11 00:33:43', '2025-11-11 00:33:43'),
(17, 2025111116, '2025-11-11', 1, 2, 1, 800, '2025-11-11 00:33:43', '2025-11-11 00:33:43'),
(18, 2025111116, '2025-11-11', 1, 3, 1, 180, '2025-11-11 00:33:44', '2025-11-11 00:33:44'),
(19, 2025111116, '2025-11-11', 1, 4, 1, 350, '2025-11-11 00:33:45', '2025-11-11 00:33:45'),
(20, 2025111117, '2025-11-11', 1, 1, 1, 250, '2025-11-11 00:34:55', '2025-11-11 00:34:55'),
(21, 2025111117, '2025-11-11', 1, 2, 1, 800, '2025-11-11 00:34:56', '2025-11-11 00:34:56'),
(22, 2025111117, '2025-11-11', 1, 3, 1, 180, '2025-11-11 00:34:57', '2025-11-11 00:34:57'),
(23, 2025111117, '2025-11-11', 1, 4, 1, 350, '2025-11-11 00:34:57', '2025-11-11 00:34:57'),
(24, 2025111118, '2025-11-11', 1, 1, 1, 250, '2025-11-11 00:41:28', '2025-11-11 00:41:28'),
(25, 2025111118, '2025-11-11', 1, 2, 1, 800, '2025-11-11 00:41:28', '2025-11-11 00:41:28'),
(26, 2025111118, '2025-11-11', 1, 3, 1, 180, '2025-11-11 00:41:29', '2025-11-11 00:41:29'),
(27, 2025111118, '2025-11-11', 1, 5, 1, 200, '2025-11-11 00:41:31', '2025-11-11 00:41:31'),
(28, 2025111119, '2025-11-11', 1, 6, 1, 150, '2025-11-11 00:45:16', '2025-11-11 00:45:16'),
(29, 2025111119, '2025-11-11', 1, 1, 1, 250, '2025-11-11 00:45:18', '2025-11-11 00:45:18'),
(30, 2025111119, '2025-11-11', 1, 2, 1, 800, '2025-11-11 00:45:19', '2025-11-11 00:45:19'),
(31, 2025111119, '2025-11-11', 1, 3, 1, 180, '2025-11-11 00:45:20', '2025-11-11 00:45:20'),
(34, 2025111111, '2025-11-11', 1, 1, 1, 250, '2025-11-11 01:22:49', '2025-11-11 01:22:49'),
(35, 2025111111, '2025-11-11', 1, 2, 1, 800, '2025-11-11 01:22:50', '2025-11-11 01:22:50'),
(36, 2025111111, '2025-11-11', 1, 3, 1, 180, '2025-11-11 01:22:50', '2025-11-11 01:22:50'),
(37, 2025111112, '2025-11-11', 1, 1, 1, 250, '2025-11-11 01:23:05', '2025-11-11 01:23:05'),
(38, 2025111112, '2025-11-11', 1, 2, 1, 800, '2025-11-11 01:23:05', '2025-11-11 01:23:05'),
(39, 2025111112, '2025-11-11', 1, 3, 1, 180, '2025-11-11 01:23:06', '2025-11-11 01:23:06'),
(40, 2025111113, '2025-11-11', 1, 1, 1, 250, '2025-11-11 01:27:22', '2025-11-11 01:27:22'),
(41, 2025111113, '2025-11-11', 1, 2, 1, 800, '2025-11-11 01:27:22', '2025-11-11 01:27:22'),
(42, 2025111113, '2025-11-11', 1, 3, 1, 180, '2025-11-11 01:27:23', '2025-11-11 01:27:23'),
(43, 2025111113, '2025-11-11', 1, 5, 1, 200, '2025-11-11 01:27:25', '2025-11-11 01:27:25'),
(44, 2025111114, '2025-11-11', 1, 1, 1, 250, '2025-11-11 03:03:52', '2025-11-11 03:03:52'),
(45, 2025111415, '2025-11-14', 1, 1, 1, 250, '2025-11-13 23:51:11', '2025-11-13 23:51:11'),
(46, 2025111415, '2025-11-14', 1, 2, 1, 800, '2025-11-13 23:51:12', '2025-11-13 23:51:12'),
(47, 2025111415, '2025-11-14', 1, 3, 1, 180, '2025-11-13 23:51:12', '2025-11-13 23:51:12'),
(48, 2025111415, '2025-11-14', 1, 4, 1, 350, '2025-11-13 23:51:13', '2025-11-13 23:51:13'),
(49, 2025111415, '2025-11-14', 1, 5, 1, 200, '2025-11-13 23:51:16', '2025-11-13 23:51:16'),
(50, 2025111415, '2025-11-14', 1, 7, 1, 60, '2025-11-13 23:51:20', '2025-11-13 23:51:20'),
(51, 2025111415, '2025-11-14', 1, 8, 1, 900, '2025-11-13 23:51:20', '2025-11-13 23:51:20'),
(52, 2025111415, '2025-11-14', 1, 9, 1, 500, '2025-11-13 23:51:21', '2025-11-13 23:51:21'),
(53, 2025111415, '2025-11-14', 1, 10, 1, 120, '2025-11-13 23:51:23', '2025-11-13 23:51:23'),
(54, 2025111411, '2025-11-14', 1, 1, 1, 250, '2025-11-13 23:55:03', '2025-11-13 23:55:03'),
(55, 2025111411, '2025-11-14', 1, 2, 1, 800, '2025-11-13 23:55:04', '2025-11-13 23:55:04'),
(56, 2025111411, '2025-11-14', 1, 3, 1, 180, '2025-11-13 23:55:04', '2025-11-13 23:55:04'),
(57, 2025111411, '2025-11-14', 1, 4, 1, 350, '2025-11-13 23:55:05', '2025-11-13 23:55:05'),
(58, 2025111411, '2025-11-14', 1, 5, 1, 200, '2025-11-13 23:55:05', '2025-11-13 23:55:05'),
(59, 2025111411, '2025-11-14', 1, 7, 1, 60, '2025-11-13 23:55:07', '2025-11-13 23:55:07'),
(60, 2025111411, '2025-11-14', 1, 8, 1, 900, '2025-11-13 23:55:08', '2025-11-13 23:55:08'),
(61, 2025111411, '2025-11-14', 1, 9, 1, 500, '2025-11-13 23:55:09', '2025-11-13 23:55:09'),
(62, 2025111412, '2025-11-14', 1, 1, 1, 250, '2025-11-13 23:55:18', '2025-11-13 23:55:18'),
(63, 2025111412, '2025-11-14', 1, 2, 1, 800, '2025-11-13 23:55:18', '2025-11-13 23:55:18'),
(64, 2025111412, '2025-11-14', 1, 3, 1, 180, '2025-11-13 23:55:19', '2025-11-13 23:55:19'),
(65, 2025111412, '2025-11-14', 1, 4, 1, 350, '2025-11-13 23:55:20', '2025-11-13 23:55:20'),
(66, 2025111412, '2025-11-14', 1, 5, 1, 200, '2025-11-13 23:55:20', '2025-11-13 23:55:20'),
(67, 2025111412, '2025-11-14', 1, 7, 1, 60, '2025-11-13 23:55:21', '2025-11-13 23:55:21'),
(68, 2025111412, '2025-11-14', 1, 8, 1, 900, '2025-11-13 23:55:22', '2025-11-13 23:55:22'),
(69, 2025111412, '2025-11-14', 1, 9, 1, 500, '2025-11-13 23:55:22', '2025-11-13 23:55:22'),
(70, 2025111413, '2025-11-14', 1, 1, 1, 250, '2025-11-14 00:19:49', '2025-11-14 00:19:49'),
(71, 2025111413, '2025-11-14', 1, 2, 1, 800, '2025-11-14 00:19:50', '2025-11-14 00:19:50'),
(72, 2025111413, '2025-11-14', 1, 3, 1, 180, '2025-11-14 00:19:51', '2025-11-14 00:19:51'),
(73, 2025111413, '2025-11-14', 1, 4, 1, 350, '2025-11-14 00:19:51', '2025-11-14 00:19:51'),
(74, 2025111413, '2025-11-14', 1, 5, 1, 200, '2025-11-14 00:19:52', '2025-11-14 00:19:52'),
(75, 2025111413, '2025-11-14', 1, 7, 1, 60, '2025-11-14 00:19:53', '2025-11-14 00:19:53'),
(76, 2025111414, '2025-11-14', 1, 1, 1, 250, '2025-11-14 06:22:01', '2025-11-14 06:22:01'),
(77, 2025111414, '2025-11-14', 1, 2, 1, 800, '2025-11-14 06:22:02', '2025-11-14 06:22:02'),
(78, 2025111414, '2025-11-14', 1, 4, 1, 350, '2025-11-14 06:22:02', '2025-11-14 06:22:02'),
(79, 2025111416, '2025-11-14', 1, 1, 1, 250, '2025-11-14 06:22:17', '2025-11-14 06:22:17'),
(80, 2025111416, '2025-11-14', 1, 2, 1, 800, '2025-11-14 06:22:18', '2025-11-14 06:22:18'),
(81, 2025111416, '2025-11-14', 1, 3, 1, 180, '2025-11-14 06:22:18', '2025-11-14 06:22:18'),
(82, 2025111416, '2025-11-14', 1, 4, 1, 350, '2025-11-14 06:22:19', '2025-11-14 06:22:19'),
(83, 2025111416, '2025-11-14', 1, 5, 1, 200, '2025-11-14 06:22:19', '2025-11-14 06:22:19'),
(84, 2025111417, '2025-11-14', 1, 11, 1, 220, '2025-11-14 06:22:25', '2025-11-14 06:22:25'),
(85, 2025111417, '2025-11-14', 1, 1, 1, 250, '2025-11-14 06:22:25', '2025-11-14 06:22:25'),
(86, 2025111417, '2025-11-14', 1, 3, 1, 180, '2025-11-14 06:22:26', '2025-11-14 06:22:26'),
(87, 2025111417, '2025-11-14', 1, 2, 1, 800, '2025-11-14 06:22:27', '2025-11-14 06:22:27'),
(88, 2025111417, '2025-11-14', 1, 20, 1, 130, '2025-11-14 06:22:29', '2025-11-14 06:22:29'),
(89, 2025111418, '2025-11-14', 1, 1, 1, 250, '2025-11-14 09:36:29', '2025-11-14 09:36:29'),
(90, 2025111418, '2025-11-14', 1, 2, 1, 800, '2025-11-14 09:36:30', '2025-11-14 09:36:30'),
(91, 2025111418, '2025-11-14', 1, 3, 1, 180, '2025-11-14 09:36:31', '2025-11-14 09:36:31'),
(92, 2025111418, '2025-11-14', 1, 4, 1, 350, '2025-11-14 09:36:31', '2025-11-14 09:36:31'),
(93, 2025111418, '2025-11-14', 1, 5, 1, 200, '2025-11-14 09:36:32', '2025-11-14 09:36:32'),
(94, 2025111418, '2025-11-14', 1, 7, 1, 60, '2025-11-14 09:36:33', '2025-11-14 09:36:33'),
(95, 2025111418, '2025-11-14', 1, 8, 1, 900, '2025-11-14 09:36:34', '2025-11-14 09:36:34'),
(96, 2025111418, '2025-11-14', 1, 9, 1, 500, '2025-11-14 09:36:34', '2025-11-14 09:36:34'),
(97, 2025111418, '2025-11-14', 1, 10, 1, 120, '2025-11-14 09:36:35', '2025-11-14 09:36:35'),
(100, 2025111419, '2025-11-14', 1, 12, 1, 700, '2025-11-14 09:41:51', '2025-11-14 09:41:51'),
(101, 2025111419, '2025-11-14', 1, 11, 1, 220, '2025-11-14 09:41:53', '2025-11-14 09:41:53'),
(102, 2025111419, '2025-11-14', 1, 10, 1, 120, '2025-11-14 09:41:54', '2025-11-14 09:41:54'),
(103, 2025111419, '2025-11-14', 1, 9, 1, 500, '2025-11-14 09:41:55', '2025-11-14 09:41:55'),
(104, 2025111419, '2025-11-14', 1, 4, 1, 350, '2025-11-14 09:41:56', '2025-11-14 09:41:56'),
(105, 2025111419, '2025-11-14', 1, 3, 1, 180, '2025-11-14 09:41:57', '2025-11-14 09:41:57'),
(106, 2025111419, '2025-11-14', 1, 2, 1, 800, '2025-11-14 09:41:58', '2025-11-14 09:41:58'),
(107, 2025111419, '2025-11-14', 1, 1, 1, 250, '2025-11-14 09:41:59', '2025-11-14 09:41:59'),
(108, 2025111419, '2025-11-14', 1, 20, 1, 130, '2025-11-14 09:42:02', '2025-11-14 09:42:02'),
(109, 2025111419, '2025-11-14', 1, 19, 1, 950, '2025-11-14 09:42:03', '2025-11-14 09:42:03'),
(110, 2025111419, '2025-11-14', 1, 18, 1, 550, '2025-11-14 09:42:04', '2025-11-14 09:42:04'),
(111, 2025111419, '2025-11-14', 1, 17, 1, 70, '2025-11-14 09:42:05', '2025-11-14 09:42:05'),
(112, 2025111419, '2025-11-14', 1, 13, 1, 200, '2025-11-14 09:42:06', '2025-11-14 09:42:06'),
(113, 2025111419, '2025-11-14', 1, 14, 1, 380, '2025-11-14 09:42:07', '2025-11-14 09:42:07'),
(114, 2025111419, '2025-11-14', 1, 15, 1, 210, '2025-11-14 09:42:07', '2025-11-14 09:42:07'),
(115, 2025111419, '2025-11-14', 1, 16, 1, 140, '2025-11-14 09:42:08', '2025-11-14 09:42:08'),
(116, 20251114110, '2025-11-14', 1, 1, 3, 250, '2025-11-14 09:59:25', '2025-11-14 10:28:01'),
(117, 20251114110, '2025-11-14', 1, 2, 4, 800, '2025-11-14 09:59:26', '2025-11-14 10:08:40'),
(118, 20251114110, '2025-11-14', 1, 3, 4, 180, '2025-11-14 09:59:27', '2025-11-14 10:28:03'),
(119, 20251114110, '2025-11-14', 1, 4, 4, 350, '2025-11-14 09:59:27', '2025-11-14 10:28:06'),
(120, 20251114110, '2025-11-14', 1, 5, 3, 200, '2025-11-14 09:59:28', '2025-11-14 10:21:36'),
(121, 20251114110, '2025-11-14', 1, 7, 3, 60, '2025-11-14 09:59:35', '2025-11-14 10:28:27'),
(123, 20251114111, '2025-11-14', 1, 1, 1, 250, '2025-11-14 10:12:49', '2025-11-14 10:12:49'),
(124, 20251114111, '2025-11-14', 1, 2, 1, 800, '2025-11-14 10:13:00', '2025-11-14 10:15:54'),
(125, 20251114111, '2025-11-14', 1, 3, 1, 180, '2025-11-14 10:37:21', '2025-11-14 10:37:21'),
(126, 20251114111, '2025-11-14', 1, 4, 1, 350, '2025-11-14 10:37:21', '2025-11-14 10:37:21'),
(127, 20251114112, '2025-11-14', 1, 1, 1, 250, '2025-11-14 10:37:58', '2025-11-14 10:37:58'),
(133, 20251115113, '2025-11-15', 1, 1, 1, 250, '2025-11-15 11:00:14', '2025-11-15 11:00:14'),
(134, 20251115113, '2025-11-15', 1, 2, 1, 800, '2025-11-15 11:00:15', '2025-11-15 11:00:15'),
(135, 20251115113, '2025-11-15', 1, 3, 1, 180, '2025-11-15 11:00:15', '2025-11-15 11:00:15'),
(136, 20251115113, '2025-11-15', 1, 4, 1, 350, '2025-11-15 11:00:16', '2025-11-15 11:00:16'),
(137, 20251115113, '2025-11-15', 1, 5, 1, 200, '2025-11-15 11:00:16', '2025-11-15 11:00:16'),
(138, 20251115114, '2025-11-15', 1, 1, 1, 250, '2025-11-15 11:11:30', '2025-11-15 11:11:30'),
(139, 20251115114, '2025-11-15', 1, 2, 1, 800, '2025-11-15 11:11:31', '2025-11-15 11:11:31'),
(140, 20251115114, '2025-11-15', 1, 3, 1, 180, '2025-11-15 11:11:31', '2025-11-15 11:11:31'),
(141, 20251115114, '2025-11-15', 1, 4, 1, 350, '2025-11-15 11:11:32', '2025-11-15 11:11:32'),
(142, 20251115114, '2025-11-15', 1, 5, 1, 200, '2025-11-15 11:11:33', '2025-11-15 11:11:33'),
(143, 20251115115, '2025-11-15', 1, 1, 1, 250, '2025-11-15 11:43:14', '2025-11-15 11:43:14'),
(144, 20251115115, '2025-11-15', 1, 2, 1, 800, '2025-11-15 11:43:15', '2025-11-15 11:43:15'),
(145, 20251115115, '2025-11-15', 1, 3, 1, 180, '2025-11-15 11:43:15', '2025-11-15 11:43:15'),
(146, 20251116116, '2025-11-16', 1, 1, 1, 250, '2025-11-16 04:18:51', '2025-11-16 04:18:51'),
(147, 20251116116, '2025-11-16', 1, 2, 1, 800, '2025-11-16 04:18:51', '2025-11-16 04:18:51'),
(148, 20251116116, '2025-11-16', 1, 3, 1, 180, '2025-11-16 04:18:52', '2025-11-16 04:18:52'),
(149, 20251116116, '2025-11-16', 1, 4, 1, 350, '2025-11-16 04:18:52', '2025-11-16 04:18:52'),
(150, 20251116116, '2025-11-16', 1, 5, 1, 200, '2025-11-16 04:18:53', '2025-11-16 04:18:53'),
(151, 20251116116, '2025-11-16', 1, 7, 1, 60, '2025-11-16 04:18:54', '2025-11-16 04:18:54'),
(152, 20251116117, '2025-11-16', 1, 1, 1, 250, '2025-11-16 04:19:14', '2025-11-16 04:19:14'),
(153, 20251116117, '2025-11-16', 1, 21, 1, 450, '2025-11-16 04:19:18', '2025-11-16 04:19:18'),
(154, 20251116117, '2025-11-16', 1, 12, 1, 700, '2025-11-16 04:19:20', '2025-11-16 04:19:20'),
(155, 20251116117, '2025-11-16', 1, 20, 1, 130, '2025-11-16 04:19:34', '2025-11-16 04:19:34'),
(156, 20251116118, '2025-11-16', 1, 1, 1, 250, '2025-11-16 06:25:11', '2025-11-16 06:25:11'),
(157, 20251116118, '2025-11-16', 1, 2, 1, 800, '2025-11-16 06:25:11', '2025-11-16 06:25:11'),
(158, 20251116118, '2025-11-16', 1, 3, 1, 180, '2025-11-16 06:25:12', '2025-11-16 06:25:12'),
(159, 20251116118, '2025-11-16', 1, 4, 1, 350, '2025-11-16 06:25:13', '2025-11-16 06:25:13'),
(160, 20251116119, '2025-11-16', 1, 1, 5, 250, '2025-11-16 06:46:13', '2025-11-16 06:46:16'),
(161, 20251116119, '2025-11-16', 1, 2, 5, 800, '2025-11-16 06:46:14', '2025-11-16 06:46:18'),
(162, 20251116120, '2025-11-16', 1, 1, 1, 250, '2025-11-16 06:47:04', '2025-11-16 06:47:04'),
(163, 20251116120, '2025-11-16', 1, 2, 1, 800, '2025-11-16 06:47:05', '2025-11-16 06:47:05'),
(164, 20251116121, '2025-11-16', 1, 1, 1, 250, '2025-11-16 09:10:17', '2025-11-16 09:10:17'),
(165, 20251116121, '2025-11-16', 1, 2, 1, 800, '2025-11-16 09:10:17', '2025-11-16 09:10:17'),
(166, 20251116121, '2025-11-16', 1, 3, 1, 180, '2025-11-16 09:10:18', '2025-11-16 09:10:18'),
(167, 20251116122, '2025-11-16', 1, 1, 1, 250, '2025-11-16 09:19:44', '2025-11-16 09:19:44'),
(168, 20251116122, '2025-11-16', 1, 2, 2, 800, '2025-11-16 09:19:45', '2025-11-16 09:19:49'),
(169, 20251116122, '2025-11-16', 1, 3, 8, 180, '2025-11-16 09:19:45', '2025-11-16 09:19:53'),
(170, 20251116123, '2025-11-16', 1, 1, 1, 250, '2025-11-16 09:22:02', '2025-11-16 09:22:02'),
(171, 20251116123, '2025-11-16', 1, 2, 2, 800, '2025-11-16 09:22:03', '2025-11-16 09:22:13'),
(172, 20251116123, '2025-11-16', 1, 3, 1, 180, '2025-11-16 09:22:04', '2025-11-16 09:22:04'),
(173, 20251116123, '2025-11-16', 1, 4, 1, 350, '2025-11-16 09:22:04', '2025-11-16 09:22:04'),
(174, 20251116123, '2025-11-16', 1, 5, 1, 200, '2025-11-16 09:22:06', '2025-11-16 09:22:06'),
(175, 20251116123, '2025-11-16', 1, 6, 1, 150, '2025-11-16 09:22:07', '2025-11-16 09:22:07'),
(176, 20251116123, '2025-11-16', 1, 7, 1, 60, '2025-11-16 09:22:09', '2025-11-16 09:22:09'),
(177, 20251116124, '2025-11-16', 1, 1, 10, 250, '2025-11-16 09:28:52', '2025-11-16 09:28:56'),
(178, 20251116124, '2025-11-16', 1, 2, 10, 800, '2025-11-16 09:28:52', '2025-11-16 09:28:58'),
(179, 20251116124, '2025-11-16', 1, 3, 10, 180, '2025-11-16 09:28:53', '2025-11-16 09:28:59'),
(180, 20251116125, '2025-11-16', 1, 1, 5, 250, '2025-11-16 09:30:09', '2025-11-16 09:30:12'),
(181, 20251116125, '2025-11-16', 1, 2, 5, 800, '2025-11-16 09:30:09', '2025-11-16 09:30:13'),
(182, 20251116125, '2025-11-16', 1, 3, 5, 180, '2025-11-16 09:30:10', '2025-11-16 09:30:15'),
(183, 20251116126, '2025-11-16', 1, 10, 3, 120, '2025-11-16 09:32:13', '2025-11-16 09:32:20'),
(184, 20251116126, '2025-11-16', 1, 11, 3, 220, '2025-11-16 09:32:14', '2025-11-16 09:32:19'),
(185, 20251116126, '2025-11-16', 1, 12, 3, 700, '2025-11-16 09:32:15', '2025-11-16 09:32:18'),
(186, 20251116127, '2025-11-16', 1, 22, 1, 450, '2025-11-16 09:35:16', '2025-11-16 09:35:16'),
(187, 20251116127, '2025-11-16', 1, 21, 1, 450, '2025-11-16 09:35:17', '2025-11-16 09:35:17'),
(188, 20251116127, '2025-11-16', 1, 20, 1, 130, '2025-11-16 09:35:19', '2025-11-16 09:35:19');

-- --------------------------------------------------------

--
-- Table structure for table `companies`
--

CREATE TABLE `companies` (
  `id` bigint(20) UNSIGNED NOT NULL,
  `name` varchar(255) NOT NULL,
  `address` text DEFAULT NULL,
  `email` varchar(255) DEFAULT NULL,
  `phone` varchar(255) DEFAULT NULL,
  `website` varchar(255) DEFAULT NULL,
  `created_at` timestamp NULL DEFAULT NULL,
  `updated_at` timestamp NULL DEFAULT NULL
) ENGINE=InnoDB DEFAULT CHARSET=utf8mb4 COLLATE=utf8mb4_unicode_ci;

--
-- Dumping data for table `companies`
--

INSERT INTO `companies` (`id`, `name`, `address`, `email`, `phone`, `website`, `created_at`, `updated_at`) VALUES
(1, 'Smart Food Restaurant', 'Dhaka, Bangladesh', 'info@smartfood.com', '01712345678', 'https://smartfood.com', '2025-11-10 06:33:11', '2025-11-10 06:33:11');

-- --------------------------------------------------------

--
-- Table structure for table `due_collections`
--

CREATE TABLE `due_collections` (
  `id` bigint(20) UNSIGNED NOT NULL,
  `reg` varchar(255) DEFAULT NULL,
  `total` decimal(12,2) DEFAULT NULL,
  `discount` decimal(12,2) DEFAULT NULL,
  `due` decimal(12,2) DEFAULT NULL,
  `pay` decimal(12,2) DEFAULT NULL,
  `payment_date` date NOT NULL DEFAULT '2025-11-11',
  `user_id` bigint(20) UNSIGNED NOT NULL,
  `note` varchar(255) NOT NULL DEFAULT 'N/A',
  `created_at` timestamp NULL DEFAULT NULL,
  `updated_at` timestamp NULL DEFAULT NULL
) ENGINE=InnoDB DEFAULT CHARSET=utf8mb4 COLLATE=utf8mb4_unicode_ci;

--
-- Dumping data for table `due_collections`
--

INSERT INTO `due_collections` (`id`, `reg`, `total`, `discount`, `due`, `pay`, `payment_date`, `user_id`, `note`, `created_at`, `updated_at`) VALUES
(7, '2025111418', 2496.00, 200.00, 0.00, 2296.00, '2025-11-11', 1, 'N/A', '2025-11-14 09:37:13', '2025-11-14 09:37:13'),
(8, '20251115113', 1780.00, 80.00, 0.00, 1700.00, '2025-11-11', 1, 'N/A', '2025-11-15 11:00:43', '2025-11-15 11:00:43'),
(9, '20251115114', 1733.00, 0.00, 0.00, 233.00, '2025-11-11', 1, 'N/A', '2025-11-15 11:11:54', '2025-11-15 11:11:54'),
(10, '20251115115', 1230.00, 230.00, 0.00, 1000.00, '2025-11-11', 1, 'N/A', '2025-11-15 11:43:29', '2025-11-15 11:43:29'),
(11, '20251116118', 1563.00, 0.00, 0.00, 63.00, '2025-11-11', 1, 'N/A', '2025-11-16 06:25:46', '2025-11-16 06:25:46'),
(12, '20251116119', 5250.00, 0.00, 1000.00, 1000.00, '2025-11-11', 1, 'N/A', '2025-11-16 06:46:38', '2025-11-16 06:46:38'),
(18, '20251116120', 1050.00, 100.00, 700.00, 200.00, '2025-11-11', 1, 'N/A', '2025-11-16 07:59:22', '2025-11-16 07:59:22'),
(19, '20251116122', 3290.00, 200.00, 83.50, 1000.00, '2025-11-11', 1, 'N/A', '2025-11-16 09:20:27', '2025-11-16 09:20:27'),
(20, '20251116123', 2790.00, 100.00, 400.50, 500.00, '2025-11-11', 1, 'N/A', '2025-11-16 09:22:56', '2025-11-16 09:22:56'),
(21, '20251116124', 12300.00, 500.00, 0.00, 3500.00, '2025-11-11', 1, 'N/A', '2025-11-16 09:29:26', '2025-11-16 09:29:26'),
(22, '20251116125', 6150.00, 500.00, 72.50, 1000.00, '2025-11-11', 1, 'N/A', '2025-11-16 09:30:40', '2025-11-16 09:30:40'),
(24, '20251116126', 3120.00, 200.00, 0.00, 888.00, '2025-11-11', 1, 'N/A', '2025-11-16 09:33:03', '2025-11-16 09:33:03'),
(25, '20251116127', 1030.00, 200.00, 0.00, 300.50, '2025-11-11', 1, 'N/A', '2025-11-16 09:36:02', '2025-11-16 09:36:02');

-- --------------------------------------------------------

--
-- Table structure for table `expenses`
--

CREATE TABLE `expenses` (
  `id` bigint(20) UNSIGNED NOT NULL,
  `category_id` bigint(20) UNSIGNED NOT NULL,
  `subcategory_id` bigint(20) UNSIGNED NOT NULL,
  `user_id` bigint(20) UNSIGNED NOT NULL,
  `title` varchar(255) NOT NULL,
  `description` text DEFAULT NULL,
  `amount` decimal(10,2) NOT NULL,
  `expense_date` date NOT NULL,
  `created_at` timestamp NULL DEFAULT NULL,
  `updated_at` timestamp NULL DEFAULT NULL
) ENGINE=InnoDB DEFAULT CHARSET=utf8mb4 COLLATE=utf8mb4_unicode_ci;

--
-- Dumping data for table `expenses`
--

INSERT INTO `expenses` (`id`, `category_id`, `subcategory_id`, `user_id`, `title`, `description`, `amount`, `expense_date`, `created_at`, `updated_at`) VALUES
(1, 1, 1, 1, 'Bazar', 'Bazar', 1000.00, '2025-11-15', '2025-11-15 08:19:15', '2025-11-15 08:19:15'),
(2, 1, 1, 1, 'Bazar', 'Bazar', 1000.00, '2025-11-15', '2025-11-15 08:21:03', '2025-11-15 08:21:03'),
(3, 1, 1, 1, 'Bazar', 'Bazar', 1000.00, '2025-11-15', '2025-11-15 08:21:20', '2025-11-15 08:21:20'),
(4, 3, 9, 1, 'Bazar', 'N/A', 500.00, '2025-11-15', '2025-11-15 09:10:34', '2025-11-15 09:10:34'),
(5, 3, 9, 1, 'Bazar', 'N/A', 120.00, '2025-11-15', '2025-11-15 09:11:20', '2025-11-15 09:11:20');

-- --------------------------------------------------------

--
-- Table structure for table `expense_categories`
--

CREATE TABLE `expense_categories` (
  `id` bigint(20) UNSIGNED NOT NULL,
  `name` varchar(255) NOT NULL,
  `description` varchar(255) DEFAULT NULL,
  `created_at` timestamp NULL DEFAULT NULL,
  `updated_at` timestamp NULL DEFAULT NULL
) ENGINE=InnoDB DEFAULT CHARSET=utf8mb4 COLLATE=utf8mb4_unicode_ci;

--
-- Dumping data for table `expense_categories`
--

INSERT INTO `expense_categories` (`id`, `name`, `description`, `created_at`, `updated_at`) VALUES
(1, 'Office', 'Office related expenses', '2025-11-15 08:00:33', '2025-11-15 08:00:33'),
(2, 'Food', 'Food & Beverages', '2025-11-15 08:00:33', '2025-11-15 08:00:33'),
(3, 'Travel', 'Travel and transportation', '2025-11-15 08:00:33', '2025-11-15 08:00:33'),
(4, 'Utilities', 'Electricity, Water, Internet, etc.', '2025-11-15 08:00:33', '2025-11-15 08:00:33'),
(5, 'Maintenance', 'Repairs & maintenance', '2025-11-15 08:00:33', '2025-11-15 08:00:33'),
(6, 'Other', 'N/A', '2025-11-15 09:31:58', '2025-11-15 09:31:58');

-- --------------------------------------------------------

--
-- Table structure for table `expense_subcategories`
--

CREATE TABLE `expense_subcategories` (
  `id` bigint(20) UNSIGNED NOT NULL,
  `category_id` bigint(20) UNSIGNED NOT NULL,
  `name` varchar(255) NOT NULL,
  `description` varchar(255) DEFAULT NULL,
  `created_at` timestamp NULL DEFAULT NULL,
  `updated_at` timestamp NULL DEFAULT NULL
) ENGINE=InnoDB DEFAULT CHARSET=utf8mb4 COLLATE=utf8mb4_unicode_ci;

--
-- Dumping data for table `expense_subcategories`
--

INSERT INTO `expense_subcategories` (`id`, `category_id`, `name`, `description`, `created_at`, `updated_at`) VALUES
(1, 1, 'Stationery', 'Stationery expense under Office', '2025-11-15 08:00:45', '2025-11-15 08:00:45'),
(2, 1, 'Software', 'Software expense under Office', '2025-11-15 08:00:45', '2025-11-15 08:00:45'),
(3, 1, 'Hardware', 'Hardware expense under Office', '2025-11-15 08:00:45', '2025-11-15 08:00:45'),
(4, 2, 'Snacks', 'Snacks expense under Food', '2025-11-15 08:00:45', '2025-11-15 08:00:45'),
(5, 2, 'Lunch', 'Lunch expense under Food', '2025-11-15 08:00:45', '2025-11-15 08:00:45'),
(6, 2, 'Beverages', 'Beverages expense under Food', '2025-11-15 08:00:45', '2025-11-15 08:00:45'),
(7, 3, 'Taxi', 'Taxi expense under Travel', '2025-11-15 08:00:45', '2025-11-15 08:00:45'),
(8, 3, 'Bus', 'Bus expense under Travel', '2025-11-15 08:00:45', '2025-11-15 08:00:45'),
(9, 3, 'Flight', 'Flight expense under Travel', '2025-11-15 08:00:45', '2025-11-15 08:00:45'),
(10, 4, 'Electricity', 'Electricity expense under Utilities', '2025-11-15 08:00:45', '2025-11-15 08:00:45'),
(11, 4, 'Water', 'Water expense under Utilities', '2025-11-15 08:00:45', '2025-11-15 08:00:45'),
(12, 4, 'Internet', 'Internet expense under Utilities', '2025-11-15 08:00:45', '2025-11-15 08:00:45'),
(13, 4, 'Gas', 'Gas expense under Utilities', '2025-11-15 08:00:45', '2025-11-15 08:00:45'),
(14, 5, 'Plumbing', 'Plumbing expense under Maintenance', '2025-11-15 08:00:45', '2025-11-15 08:00:45'),
(15, 5, 'Electrical', 'Electrical expense under Maintenance', '2025-11-15 08:00:45', '2025-11-15 08:00:45'),
(16, 5, 'Cleaning', 'Cleaning expense under Maintenance', '2025-11-15 08:00:45', '2025-11-15 08:00:45'),
(17, 6, 'Other', 'N/A', '2025-11-15 09:39:16', '2025-11-15 09:39:16');

-- --------------------------------------------------------

--
-- Table structure for table `failed_jobs`
--

CREATE TABLE `failed_jobs` (
  `id` bigint(20) UNSIGNED NOT NULL,
  `uuid` varchar(255) NOT NULL,
  `connection` text NOT NULL,
  `queue` text NOT NULL,
  `payload` longtext NOT NULL,
  `exception` longtext NOT NULL,
  `failed_at` timestamp NOT NULL DEFAULT current_timestamp()
) ENGINE=InnoDB DEFAULT CHARSET=utf8mb4 COLLATE=utf8mb4_unicode_ci;

-- --------------------------------------------------------

--
-- Table structure for table `food`
--

CREATE TABLE `food` (
  `id` bigint(20) UNSIGNED NOT NULL,
  `name` varchar(255) NOT NULL,
  `price` int(11) NOT NULL,
  `category_id` bigint(20) UNSIGNED NOT NULL,
  `stock` int(11) NOT NULL,
  `status` int(11) NOT NULL,
  `image` varchar(255) NOT NULL,
  `ingredients` varchar(255) NOT NULL,
  `sku` varchar(255) NOT NULL,
  `remark` varchar(255) NOT NULL,
  `created_at` timestamp NULL DEFAULT NULL,
  `updated_at` timestamp NULL DEFAULT NULL
) ENGINE=InnoDB DEFAULT CHARSET=utf8mb4 COLLATE=utf8mb4_unicode_ci;

--
-- Dumping data for table `food`
--

INSERT INTO `food` (`id`, `name`, `price`, `category_id`, `stock`, `status`, `image`, `ingredients`, `sku`, `remark`, `created_at`, `updated_at`) VALUES
(1, 'Cheese Burger', 250, 1, 34, 1, 'cheese_burger.jpg', 'Bun, Cheese, Patty, Lettuce, Tomato', 'XX1VMK1C', 'Stock inserted date of 2025-11-16', '2025-11-10 06:33:11', '2025-11-16 09:30:12'),
(2, 'Pepperoni Pizza', 800, 2, 33, 1, 'pepperoni_pizza.jpg', 'Dough, Cheese, Pepperoni, Tomato Sauce', 'IT2JF6XK', 'Stock inserted date of 2025-11-16', '2025-11-10 06:33:11', '2025-11-16 09:30:13'),
(3, 'Chicken Sandwich', 180, 3, 35, 1, 'chicken_sandwich.jpg', 'Bread, Chicken, Lettuce, Mayo', 'JOJBGZNB', 'Stock inserted date of 2025-11-16', '2025-11-10 06:33:11', '2025-11-16 09:30:15'),
(4, 'Spaghetti Bolognese', 350, 4, 50, 1, 'spaghetti.jpg', 'Spaghetti, Tomato Sauce, Beef', 'NKALC6G0', 'Stock inserted date of 2025-11-16', '2025-11-10 06:33:11', '2025-11-16 09:22:04'),
(5, 'Caesar Salad', 200, 5, 60, 1, 'caesar_salad.jpg', 'Lettuce, Chicken, Caesar Dressing, Croutons', 'ZLUHIG1Y', 'Stock inserted date of 2025-11-16', '2025-11-10 06:33:11', '2025-11-16 09:22:06'),
(6, 'Chocolate Cake', 150, 6, 13, 1, 'chocolate_cake.jpg', 'Flour, Cocoa, Sugar, Eggs, Butter', 'QWCUBGNB', 'Sweet dessert', '2025-11-10 06:33:11', '2025-11-16 09:22:07'),
(7, 'Coca Cola', 60, 7, 90, 1, 'coca_cola.jpg', 'Carbonated Water, Sugar, Flavor', 'MO7E34LC', '', '2025-11-10 06:33:11', '2025-11-16 09:22:09'),
(8, 'Grilled Salmon', 900, 8, 56, 1, 'grilled_salmon.jpg', 'Salmon, Lemon, Spices', 'NOPFPBDN', 'Stock inserted date of 2025-11-16', '2025-11-10 06:33:11', '2025-11-16 09:21:56'),
(9, 'BBQ Chicken', 500, 9, 15, 1, 'bbq_chicken.jpg', 'Chicken, BBQ Sauce, Spices', 'IUDY1L7Y', '', '2025-11-10 06:33:11', '2025-11-14 09:41:55'),
(10, 'Pancakes', 120, 10, 24, 1, 'pancakes.jpg', 'Flour, Eggs, Milk, Sugar, Butter', 'REZLAAQR', 'Breakfast special', '2025-11-10 06:33:11', '2025-11-16 09:32:20'),
(11, 'Veggie Burger', 220, 1, 35, 1, 'veggie_burger.jpg', 'Bun, Veg Patty, Lettuce, Tomato, Cheese', 'JQBAMML0', '', '2025-11-10 06:33:11', '2025-11-16 09:32:19'),
(12, 'Margherita Pizza', 700, 2, 20, 1, 'margherita_pizza.jpg', 'Dough, Tomato Sauce, Cheese, Basil', 'QW32QEOY', '', '2025-11-10 06:33:11', '2025-11-16 09:32:18'),
(13, 'Tuna Sandwich', 200, 3, 34, 1, 'tuna_sandwich.jpg', 'Bread, Tuna, Lettuce, Mayo', 'QYDKFLTD', '', '2025-11-10 06:33:11', '2025-11-14 09:42:06'),
(14, 'Fettuccine Alfredo', 380, 4, 19, 1, 'fettuccine_alfredo.jpg', 'Fettuccine, Cream, Cheese, Butter', 'BJ0FLQB0', '', '2025-11-10 06:33:11', '2025-11-14 09:42:07'),
(15, 'Greek Salad', 210, 5, 29, 1, 'greek_salad.jpg', 'Lettuce, Feta, Olive, Tomato, Cucumber', 'L1UUWMLB', '', '2025-11-10 06:33:11', '2025-11-14 10:27:50'),
(16, 'Vanilla Cake', 140, 6, 19, 1, 'vanilla_cake.jpg', 'Flour, Sugar, Eggs, Butter, Vanilla', '6MVBJDTD', '', '2025-11-10 06:33:11', '2025-11-14 09:42:08'),
(17, 'Orange Juice', 70, 7, 79, 1, 'orange_juice.jpg', 'Orange, Water, Sugar', 'RDRVYI07', '', '2025-11-10 06:33:11', '2025-11-14 09:42:05'),
(18, 'Grilled Chicken', 550, 9, 24, 1, 'grilled_chicken.jpg', 'Chicken, Herbs, Spices', 'LRWWDZIU', '', '2025-11-10 06:33:11', '2025-11-14 09:42:04'),
(19, 'Salmon Sushi', 950, 8, 14, 1, 'salmon_sushi.jpg', 'Salmon, Rice, Seaweed', '0BNVHVMQ', 'Premium', '2025-11-10 06:33:11', '2025-11-14 09:42:03'),
(20, 'French Toast', 130, 10, 21, 1, 'french_toast.jpg', 'Bread, Eggs, Milk, Sugar, Butter', 'SP1254FK', 'Breakfast special', '2025-11-10 06:33:11', '2025-11-16 09:35:19'),
(21, 'Butter Chicken', 450, 1, 10, 1, 'food-1763184741.jpg', 'Chicken, butter, tomato, cream, spices.', 'SKU-1763184741', 'Foods', '2025-11-15 05:32:21', '2025-11-16 09:35:17'),
(22, 'Butter Chicken', 450, 1, 11, 1, 'food-1763184759.jpg', 'Carrot, cabbage, onion, noodles, flour wrap, soy sauce.', 'SKU-1763184759', 'Foods', '2025-11-15 05:32:39', '2025-11-16 09:35:16');

-- --------------------------------------------------------

--
-- Table structure for table `food_categories`
--

CREATE TABLE `food_categories` (
  `id` bigint(20) UNSIGNED NOT NULL,
  `name` varchar(255) NOT NULL,
  `created_at` timestamp NULL DEFAULT NULL,
  `updated_at` timestamp NULL DEFAULT NULL
) ENGINE=InnoDB DEFAULT CHARSET=utf8mb4 COLLATE=utf8mb4_unicode_ci;

--
-- Dumping data for table `food_categories`
--

INSERT INTO `food_categories` (`id`, `name`, `created_at`, `updated_at`) VALUES
(1, 'Burgers', '2025-11-10 06:33:11', '2025-11-10 06:33:11'),
(2, 'Pizza', '2025-11-10 06:33:11', '2025-11-10 06:33:11'),
(3, 'Sandwiches', '2025-11-10 06:33:11', '2025-11-10 06:33:11'),
(4, 'Pasta', '2025-11-10 06:33:11', '2025-11-10 06:33:11'),
(5, 'Salads', '2025-11-10 06:33:11', '2025-11-10 06:33:11'),
(6, 'Desserts', '2025-11-10 06:33:11', '2025-11-10 06:33:11'),
(7, 'Beverages', '2025-11-10 06:33:11', '2025-11-10 06:33:11'),
(8, 'Seafood', '2025-11-10 06:33:11', '2025-11-10 06:33:11'),
(9, 'Grill', '2025-11-10 06:33:11', '2025-11-10 06:33:11'),
(10, 'Breakfast', '2025-11-10 06:33:11', '2025-11-10 06:33:11');

-- --------------------------------------------------------

--
-- Table structure for table `migrations`
--

CREATE TABLE `migrations` (
  `id` int(10) UNSIGNED NOT NULL,
  `migration` varchar(255) NOT NULL,
  `batch` int(11) NOT NULL
) ENGINE=InnoDB DEFAULT CHARSET=utf8mb4 COLLATE=utf8mb4_unicode_ci;

--
-- Dumping data for table `migrations`
--

INSERT INTO `migrations` (`id`, `migration`, `batch`) VALUES
(51, '2025_11_10_084644_create_orders_table', 1),
(67, '2014_10_12_000000_create_users_table', 2),
(68, '2014_10_12_100000_create_password_reset_tokens_table', 2),
(69, '2014_10_12_100000_create_password_resets_table', 2),
(70, '2019_08_19_000000_create_failed_jobs_table', 2),
(71, '2019_12_14_000001_create_personal_access_tokens_table', 2),
(72, '2025_11_10_041538_create_admins_table', 2),
(73, '2025_11_10_070245_create_food_categories_table', 2),
(74, '2025_11_10_070248_create_food_table', 2),
(75, '2025_11_10_084359_create_carts_table', 2),
(76, '2025_11_10_085815_create_stocks_table', 2),
(77, '2025_11_10_095452_create_companies_table', 2),
(78, '2025_11_10_100934_create_payment_methods_table', 2),
(79, '2025_11_10_123159_create_orders_table', 2),
(80, '2025_11_11_075416_create_due_collections_table', 3),
(81, '2025_11_15_135339_create_expense_categories_table', 4),
(82, '2025_11_15_135414_create_expense_subcategories_table', 4),
(83, '2025_11_15_135503_create_expenses_table', 4);

-- --------------------------------------------------------

--
-- Table structure for table `orders`
--

CREATE TABLE `orders` (
  `id` bigint(20) UNSIGNED NOT NULL,
  `date` date NOT NULL,
  `user_id` bigint(20) UNSIGNED NOT NULL,
  `reg` bigint(20) UNSIGNED NOT NULL,
  `total` decimal(12,2) DEFAULT NULL,
  `discount` decimal(12,2) DEFAULT NULL,
  `vat` decimal(12,2) DEFAULT NULL,
  `payable` decimal(12,2) DEFAULT NULL,
  `pay` decimal(12,2) DEFAULT NULL,
  `due` decimal(12,2) DEFAULT NULL,
  `kitchen` int(10) UNSIGNED NOT NULL DEFAULT 0,
  `paymentMethod` int(11) NOT NULL,
  `customerName` varchar(255) NOT NULL DEFAULT '0',
  `customerPhone` int(11) NOT NULL DEFAULT 0,
  `status` int(11) NOT NULL DEFAULT 0,
  `created_at` timestamp NULL DEFAULT NULL,
  `updated_at` timestamp NULL DEFAULT NULL
) ENGINE=InnoDB DEFAULT CHARSET=utf8mb4 COLLATE=utf8mb4_unicode_ci;

--
-- Dumping data for table `orders`
--

INSERT INTO `orders` (`id`, `date`, `user_id`, `reg`, `total`, `discount`, `vat`, `payable`, `pay`, `due`, `kitchen`, `paymentMethod`, `customerName`, `customerPhone`, `status`, `created_at`, `updated_at`) VALUES
(15, '2025-11-14', 1, 2025111411, 3240.00, 15.00, 0.00, 3225.00, 3000.00, 225.00, 1, 1, 'Samim Hossain', 1762164746, 0, '2025-11-13 23:55:15', '2025-11-13 23:55:15'),
(16, '2025-11-14', 1, 2025111412, 3240.00, 0.00, 0.00, 3240.00, 3240.00, 0.00, 2, 1, '0', 0, 1, '2025-11-13 23:55:26', '2025-11-13 23:55:26'),
(17, '2025-11-14', 1, 2025111413, 1840.00, 0.00, 0.00, 1840.00, 1500.00, 340.00, 3, 1, 'Samim Hossain', 1762164746, 0, '2025-11-14 00:20:00', '2025-11-14 00:20:00'),
(18, '2025-11-14', 1, 2025111414, 1400.00, 0.00, 0.00, 1400.00, 1400.00, 0.00, 1, 1, '0', 0, 1, '2025-11-14 06:22:07', '2025-11-14 06:22:07'),
(19, '2025-11-14', 1, 2025111415, 3360.00, 0.00, 0.00, 3360.00, 1000.00, 2360.00, 2, 1, 'Samim Hossain', 1762164746, 0, '2025-11-14 06:22:15', '2025-11-14 09:38:06'),
(20, '2025-11-14', 1, 2025111416, 1780.00, 0.00, 0.00, 1780.00, 1000.00, 780.00, 1, 1, 'Samim Hossain', 1762164746, 0, '2025-11-14 06:22:22', '2025-11-14 06:22:22'),
(21, '2025-11-14', 1, 2025111417, 1580.00, 0.00, 0.00, 1580.00, 1580.00, 0.00, 3, 1, '0', 0, 1, '2025-11-14 06:22:34', '2025-11-14 09:10:20'),
(22, '2025-11-14', 1, 2025111418, 3360.00, 864.00, 504.00, 3000.00, 0.00, 3000.00, 1, 1, 'Samim Hossain', 1762164746, 1, '2025-11-14 09:36:57', '2025-11-14 09:37:55'),
(23, '2025-11-14', 1, 2025111419, 5750.00, 612.00, 862.50, 6000.50, 0.00, 6000.50, 0, 1, 'Samim Hossain', 1762164746, 0, '2025-11-14 09:42:23', '2025-11-14 09:42:23'),
(24, '2025-11-14', 1, 20251114110, 6850.00, 150.00, 1027.50, 7727.50, 5000.00, 2727.50, 0, 1, 'Samim Hossain', 1762164746, 0, '2025-11-14 09:59:44', '2025-11-14 10:36:38'),
(25, '2025-11-14', 1, 20251114111, 1580.00, 58.00, 158.00, 1680.00, 1600.00, 80.00, 0, 1, 'Samim Hossain', 1762164746, 0, '2025-11-14 10:12:54', '2025-11-14 10:37:35'),
(26, '2025-11-14', 1, 20251114112, 250.00, 0.00, 0.00, 250.00, 250.00, 0.00, 0, 1, 'Samim Hossain', 1762164746, 1, '2025-11-14 10:38:01', '2025-11-14 11:04:17'),
(28, '2025-11-15', 1, 20251115113, 1780.00, 0.00, 0.00, 1780.00, 0.00, 1780.00, 0, 1, '0', 0, 1, '2025-11-15 11:00:25', '2025-11-15 11:00:43'),
(29, '2025-11-15', 1, 20251115114, 1780.00, 47.00, 267.00, 2000.00, 1500.00, 500.00, 0, 1, 'Samim Hossain', 1762164746, 1, '2025-11-15 11:11:42', '2025-11-15 11:11:54'),
(30, '2025-11-15', 1, 20251115115, 1230.00, 0.00, 0.00, 1230.00, 0.00, 1230.00, 0, 1, 'Samim Hossain', 1762164746, 1, '2025-11-15 11:43:18', '2025-11-15 11:43:29'),
(31, '2025-11-16', 1, 20251116116, 1840.00, 116.00, 276.00, 2000.00, 2000.00, 0.00, 0, 2, '0', 0, 1, '2025-11-16 04:19:10', '2025-11-16 04:19:10'),
(32, '2025-11-16', 1, 20251116117, 1530.00, 59.00, 229.50, 1700.50, 1700.00, 0.50, 0, 1, 'Samim Hossain', 1762164746, 0, '2025-11-16 04:20:20', '2025-11-16 04:20:20'),
(33, '2025-11-16', 1, 20251116118, 1580.00, 17.00, 237.00, 1800.00, 1500.00, 300.00, 0, 2, 'Samim Hossain', 1762164746, 1, '2025-11-16 06:25:31', '2025-11-16 06:25:46'),
(34, '2025-11-16', 1, 20251116119, 5250.00, 0.00, 0.00, 5250.00, 250.00, 5000.00, 0, 1, 'Samim Hossain', 1762164746, 0, '2025-11-16 06:46:26', '2025-11-16 06:46:26'),
(35, '2025-11-16', 1, 20251116120, 1050.00, 0.00, 0.00, 1050.00, 50.00, 1000.00, 0, 1, 'Samim Hossain', 1762164746, 0, '2025-11-16 06:47:10', '2025-11-16 07:54:16'),
(36, '2025-11-16', 1, 20251116121, 1230.00, 414.00, 184.50, 1000.50, 1000.00, 0.50, 0, 1, 'Samim Hossain', 1762164746, 0, '2025-11-16 09:10:30', '2025-11-16 09:10:30'),
(37, '2025-11-16', 1, 20251116122, 3290.00, 500.00, 493.50, 3283.50, 2000.00, 1283.50, 0, 1, 'Samim Hossain', 1762164746, 0, '2025-11-16 09:20:13', '2025-11-16 09:20:13'),
(38, '2025-11-16', 1, 20251116123, 2790.00, 208.00, 418.50, 3000.50, 2000.00, 1000.50, 0, 1, 'Samim Hossain', 1762164746, 0, '2025-11-16 09:22:31', '2025-11-16 09:22:31'),
(39, '2025-11-16', 1, 20251116124, 12300.00, 145.00, 1845.00, 14000.00, 10000.00, 4000.00, 0, 2, 'Samim Hossain', 1762164746, 1, '2025-11-16 09:29:13', '2025-11-16 09:29:26'),
(40, '2025-11-16', 1, 20251116125, 6150.00, 500.00, 922.50, 6572.50, 5000.00, 1572.50, 0, 1, 'Samim Hossain', 1762164746, 0, '2025-11-16 09:30:27', '2025-11-16 09:30:27'),
(41, '2025-11-16', 1, 20251116126, 3120.00, 500.00, 468.00, 3088.00, 2000.00, 1088.00, 0, 5, 'Samim Hossain', 1762164746, 1, '2025-11-16 09:32:32', '2025-11-16 09:33:03'),
(42, '2025-11-16', 1, 20251116127, 1030.00, 500.00, 154.50, 684.50, 184.00, 500.50, 0, 3, 'Samim Hossain', 1762164746, 1, '2025-11-16 09:35:35', '2025-11-16 09:36:02');

-- --------------------------------------------------------

--
-- Table structure for table `password_resets`
--

CREATE TABLE `password_resets` (
  `email` varchar(255) NOT NULL,
  `token` varchar(255) NOT NULL,
  `created_at` timestamp NULL DEFAULT NULL
) ENGINE=InnoDB DEFAULT CHARSET=utf8mb4 COLLATE=utf8mb4_unicode_ci;

-- --------------------------------------------------------

--
-- Table structure for table `password_reset_tokens`
--

CREATE TABLE `password_reset_tokens` (
  `email` varchar(255) NOT NULL,
  `token` varchar(255) NOT NULL,
  `created_at` timestamp NULL DEFAULT NULL
) ENGINE=InnoDB DEFAULT CHARSET=utf8mb4 COLLATE=utf8mb4_unicode_ci;

-- --------------------------------------------------------

--
-- Table structure for table `payment_methods`
--

CREATE TABLE `payment_methods` (
  `id` bigint(20) UNSIGNED NOT NULL,
  `name` varchar(255) NOT NULL,
  `description` varchar(255) DEFAULT NULL,
  `status` tinyint(1) NOT NULL DEFAULT 1,
  `created_at` timestamp NULL DEFAULT NULL,
  `updated_at` timestamp NULL DEFAULT NULL
) ENGINE=InnoDB DEFAULT CHARSET=utf8mb4 COLLATE=utf8mb4_unicode_ci;

--
-- Dumping data for table `payment_methods`
--

INSERT INTO `payment_methods` (`id`, `name`, `description`, `status`, `created_at`, `updated_at`) VALUES
(1, 'Cash', NULL, 1, '2025-11-10 06:33:11', '2025-11-10 06:33:11'),
(2, 'Bkash', NULL, 1, '2025-11-10 06:33:11', '2025-11-10 06:33:11'),
(3, 'Nagad', NULL, 1, '2025-11-10 06:33:11', '2025-11-10 06:33:11'),
(4, 'Rocket', NULL, 1, '2025-11-10 06:33:11', '2025-11-10 06:33:11'),
(5, 'Card', NULL, 1, '2025-11-10 06:33:11', '2025-11-10 06:33:11');

-- --------------------------------------------------------

--
-- Table structure for table `personal_access_tokens`
--

CREATE TABLE `personal_access_tokens` (
  `id` bigint(20) UNSIGNED NOT NULL,
  `tokenable_type` varchar(255) NOT NULL,
  `tokenable_id` bigint(20) UNSIGNED NOT NULL,
  `name` varchar(255) NOT NULL,
  `token` varchar(64) NOT NULL,
  `abilities` text DEFAULT NULL,
  `last_used_at` timestamp NULL DEFAULT NULL,
  `expires_at` timestamp NULL DEFAULT NULL,
  `created_at` timestamp NULL DEFAULT NULL,
  `updated_at` timestamp NULL DEFAULT NULL
) ENGINE=InnoDB DEFAULT CHARSET=utf8mb4 COLLATE=utf8mb4_unicode_ci;

-- --------------------------------------------------------

--
-- Table structure for table `stocks`
--

CREATE TABLE `stocks` (
  `id` bigint(20) UNSIGNED NOT NULL,
  `reg` bigint(20) UNSIGNED NOT NULL DEFAULT 0,
  `date` date NOT NULL,
  `foodId` bigint(20) UNSIGNED NOT NULL,
  `stockIn` int(11) NOT NULL DEFAULT 0,
  `stockOut` int(11) NOT NULL DEFAULT 0,
  `remark` varchar(255) DEFAULT NULL,
  `status` int(11) NOT NULL DEFAULT 0,
  `created_at` timestamp NULL DEFAULT NULL,
  `updated_at` timestamp NULL DEFAULT NULL
) ENGINE=InnoDB DEFAULT CHARSET=utf8mb4 COLLATE=utf8mb4_unicode_ci;

--
-- Dumping data for table `stocks`
--

INSERT INTO `stocks` (`id`, `reg`, `date`, `foodId`, `stockIn`, `stockOut`, `remark`, `status`, `created_at`, `updated_at`) VALUES
(1, 2025111011, '2025-11-10', 1, 0, 1, NULL, 1, '2025-11-10 06:33:47', '2025-11-10 06:33:47'),
(2, 2025111011, '2025-11-10', 2, 0, 1, NULL, 1, '2025-11-10 06:33:48', '2025-11-10 06:33:48'),
(3, 2025111011, '2025-11-10', 3, 0, 1, NULL, 1, '2025-11-10 06:33:49', '2025-11-10 06:33:49'),
(4, 2025111012, '2025-11-10', 1, 0, 1, NULL, 1, '2025-11-10 06:35:04', '2025-11-10 06:35:04'),
(5, 2025111012, '2025-11-10', 2, 0, 1, NULL, 1, '2025-11-10 06:35:05', '2025-11-10 06:35:05'),
(6, 2025111012, '2025-11-10', 3, 0, 1, NULL, 1, '2025-11-10 06:35:05', '2025-11-10 06:35:05'),
(7, 2025111013, '2025-11-10', 1, 0, 1, NULL, 1, '2025-11-10 06:36:18', '2025-11-10 06:36:18'),
(8, 2025111013, '2025-11-10', 2, 0, 1, NULL, 1, '2025-11-10 06:36:56', '2025-11-10 06:36:56'),
(9, 2025111013, '2025-11-10', 3, 0, 1, NULL, 1, '2025-11-10 06:36:59', '2025-11-10 06:36:59'),
(10, 2025111014, '2025-11-10', 1, 0, 10, NULL, 1, '2025-11-10 06:38:25', '2025-11-10 06:38:35'),
(11, 2025111014, '2025-11-10', 2, 0, 1, NULL, 1, '2025-11-10 06:38:26', '2025-11-10 06:38:26'),
(12, 2025111014, '2025-11-10', 3, 0, 1, NULL, 1, '2025-11-10 06:38:26', '2025-11-10 06:38:26'),
(13, 2025111015, '2025-11-10', 1, 0, 1, NULL, 1, '2025-11-10 06:43:01', '2025-11-10 06:43:01'),
(14, 2025111015, '2025-11-10', 2, 0, 1, NULL, 1, '2025-11-10 06:43:03', '2025-11-10 06:43:03'),
(15, 2025111015, '2025-11-10', 3, 0, 1, NULL, 1, '2025-11-10 06:43:04', '2025-11-10 06:43:04'),
(16, 2025111116, '2025-11-11', 1, 0, 1, NULL, 1, '2025-11-11 00:33:43', '2025-11-11 00:33:43'),
(17, 2025111116, '2025-11-11', 2, 0, 1, NULL, 1, '2025-11-11 00:33:43', '2025-11-11 00:33:43'),
(18, 2025111116, '2025-11-11', 3, 0, 1, NULL, 1, '2025-11-11 00:33:44', '2025-11-11 00:33:44'),
(19, 2025111116, '2025-11-11', 4, 0, 1, NULL, 1, '2025-11-11 00:33:45', '2025-11-11 00:33:45'),
(20, 2025111117, '2025-11-11', 1, 0, 1, NULL, 1, '2025-11-11 00:34:55', '2025-11-11 00:34:55'),
(21, 2025111117, '2025-11-11', 2, 0, 1, NULL, 1, '2025-11-11 00:34:56', '2025-11-11 00:34:56'),
(22, 2025111117, '2025-11-11', 3, 0, 1, NULL, 1, '2025-11-11 00:34:57', '2025-11-11 00:34:57'),
(23, 2025111117, '2025-11-11', 4, 0, 1, NULL, 1, '2025-11-11 00:34:57', '2025-11-11 00:34:57'),
(24, 2025111118, '2025-11-11', 1, 0, 1, NULL, 1, '2025-11-11 00:41:28', '2025-11-11 00:41:28'),
(25, 2025111118, '2025-11-11', 2, 0, 1, NULL, 1, '2025-11-11 00:41:28', '2025-11-11 00:41:28'),
(26, 2025111118, '2025-11-11', 3, 0, 1, NULL, 1, '2025-11-11 00:41:29', '2025-11-11 00:41:29'),
(27, 2025111118, '2025-11-11', 5, 0, 1, NULL, 1, '2025-11-11 00:41:30', '2025-11-11 00:41:30'),
(28, 2025111119, '2025-11-11', 6, 0, 1, NULL, 1, '2025-11-11 00:45:16', '2025-11-11 00:45:16'),
(29, 2025111119, '2025-11-11', 1, 0, 1, NULL, 1, '2025-11-11 00:45:18', '2025-11-11 00:45:18'),
(30, 2025111119, '2025-11-11', 2, 0, 1, NULL, 1, '2025-11-11 00:45:19', '2025-11-11 00:45:19'),
(31, 2025111119, '2025-11-11', 3, 0, 1, NULL, 1, '2025-11-11 00:45:20', '2025-11-11 00:45:20'),
(34, 2025111111, '2025-11-11', 1, 0, 1, NULL, 1, '2025-11-11 01:22:49', '2025-11-11 01:22:49'),
(35, 2025111111, '2025-11-11', 2, 0, 1, NULL, 1, '2025-11-11 01:22:50', '2025-11-11 01:22:50'),
(36, 2025111111, '2025-11-11', 3, 0, 1, NULL, 1, '2025-11-11 01:22:50', '2025-11-11 01:22:50'),
(37, 2025111112, '2025-11-11', 1, 0, 1, NULL, 1, '2025-11-11 01:23:05', '2025-11-11 01:23:05'),
(38, 2025111112, '2025-11-11', 2, 0, 1, NULL, 1, '2025-11-11 01:23:05', '2025-11-11 01:23:05'),
(39, 2025111112, '2025-11-11', 3, 0, 1, NULL, 1, '2025-11-11 01:23:06', '2025-11-11 01:23:06'),
(40, 2025111113, '2025-11-11', 1, 0, 1, NULL, 1, '2025-11-11 01:27:22', '2025-11-11 01:27:22'),
(41, 2025111113, '2025-11-11', 2, 0, 1, NULL, 1, '2025-11-11 01:27:22', '2025-11-11 01:27:22'),
(42, 2025111113, '2025-11-11', 3, 0, 1, NULL, 1, '2025-11-11 01:27:23', '2025-11-11 01:27:23'),
(43, 2025111113, '2025-11-11', 5, 0, 1, NULL, 1, '2025-11-11 01:27:25', '2025-11-11 01:27:25'),
(44, 2025111114, '2025-11-11', 1, 0, 1, NULL, 1, '2025-11-11 03:03:52', '2025-11-11 03:03:52'),
(45, 2025111415, '2025-11-14', 1, 0, 1, NULL, 1, '2025-11-13 23:51:11', '2025-11-13 23:51:11'),
(46, 2025111415, '2025-11-14', 2, 0, 1, NULL, 1, '2025-11-13 23:51:12', '2025-11-13 23:51:12'),
(47, 2025111415, '2025-11-14', 3, 0, 1, NULL, 1, '2025-11-13 23:51:12', '2025-11-13 23:51:12'),
(48, 2025111415, '2025-11-14', 4, 0, 1, NULL, 1, '2025-11-13 23:51:13', '2025-11-13 23:51:13'),
(49, 2025111415, '2025-11-14', 5, 0, 1, NULL, 1, '2025-11-13 23:51:16', '2025-11-13 23:51:16'),
(50, 2025111415, '2025-11-14', 7, 0, 1, NULL, 1, '2025-11-13 23:51:20', '2025-11-13 23:51:20'),
(51, 2025111415, '2025-11-14', 8, 0, 1, NULL, 1, '2025-11-13 23:51:20', '2025-11-13 23:51:20'),
(52, 2025111415, '2025-11-14', 9, 0, 1, NULL, 1, '2025-11-13 23:51:21', '2025-11-13 23:51:21'),
(53, 2025111415, '2025-11-14', 10, 0, 1, NULL, 1, '2025-11-13 23:51:23', '2025-11-13 23:51:23'),
(54, 2025111411, '2025-11-14', 1, 0, 1, NULL, 1, '2025-11-13 23:55:03', '2025-11-13 23:55:03'),
(55, 2025111411, '2025-11-14', 2, 0, 1, NULL, 1, '2025-11-13 23:55:04', '2025-11-13 23:55:04'),
(56, 2025111411, '2025-11-14', 3, 0, 1, NULL, 1, '2025-11-13 23:55:04', '2025-11-13 23:55:04'),
(57, 2025111411, '2025-11-14', 4, 0, 1, NULL, 1, '2025-11-13 23:55:05', '2025-11-13 23:55:05'),
(58, 2025111411, '2025-11-14', 5, 0, 1, NULL, 1, '2025-11-13 23:55:05', '2025-11-13 23:55:05'),
(59, 2025111411, '2025-11-14', 7, 0, 1, NULL, 1, '2025-11-13 23:55:07', '2025-11-13 23:55:07'),
(60, 2025111411, '2025-11-14', 8, 0, 1, NULL, 1, '2025-11-13 23:55:08', '2025-11-13 23:55:08'),
(61, 2025111411, '2025-11-14', 9, 0, 1, NULL, 1, '2025-11-13 23:55:09', '2025-11-13 23:55:09'),
(62, 2025111412, '2025-11-14', 1, 0, 1, NULL, 1, '2025-11-13 23:55:18', '2025-11-13 23:55:18'),
(63, 2025111412, '2025-11-14', 2, 0, 1, NULL, 1, '2025-11-13 23:55:18', '2025-11-13 23:55:18'),
(64, 2025111412, '2025-11-14', 3, 0, 1, NULL, 1, '2025-11-13 23:55:19', '2025-11-13 23:55:19'),
(65, 2025111412, '2025-11-14', 4, 0, 1, NULL, 1, '2025-11-13 23:55:20', '2025-11-13 23:55:20'),
(66, 2025111412, '2025-11-14', 5, 0, 1, NULL, 1, '2025-11-13 23:55:20', '2025-11-13 23:55:20'),
(67, 2025111412, '2025-11-14', 7, 0, 1, NULL, 1, '2025-11-13 23:55:21', '2025-11-13 23:55:21'),
(68, 2025111412, '2025-11-14', 8, 0, 1, NULL, 1, '2025-11-13 23:55:22', '2025-11-13 23:55:22'),
(69, 2025111412, '2025-11-14', 9, 0, 1, NULL, 1, '2025-11-13 23:55:22', '2025-11-13 23:55:22'),
(70, 2025111413, '2025-11-14', 1, 0, 1, NULL, 1, '2025-11-14 00:19:49', '2025-11-14 00:19:49'),
(71, 2025111413, '2025-11-14', 2, 0, 1, NULL, 1, '2025-11-14 00:19:50', '2025-11-14 00:19:50'),
(72, 2025111413, '2025-11-14', 3, 0, 1, NULL, 1, '2025-11-14 00:19:51', '2025-11-14 00:19:51'),
(73, 2025111413, '2025-11-14', 4, 0, 1, NULL, 1, '2025-11-14 00:19:51', '2025-11-14 00:19:51'),
(74, 2025111413, '2025-11-14', 5, 0, 1, NULL, 1, '2025-11-14 00:19:52', '2025-11-14 00:19:52'),
(75, 2025111413, '2025-11-14', 7, 0, 1, NULL, 1, '2025-11-14 00:19:53', '2025-11-14 00:19:53'),
(76, 2025111414, '2025-11-14', 1, 0, 1, NULL, 1, '2025-11-14 06:22:01', '2025-11-14 06:22:01'),
(77, 2025111414, '2025-11-14', 2, 0, 1, NULL, 1, '2025-11-14 06:22:02', '2025-11-14 06:22:02'),
(78, 2025111414, '2025-11-14', 4, 0, 1, NULL, 1, '2025-11-14 06:22:02', '2025-11-14 06:22:02'),
(79, 2025111416, '2025-11-14', 1, 0, 1, NULL, 1, '2025-11-14 06:22:17', '2025-11-14 06:22:17'),
(80, 2025111416, '2025-11-14', 2, 0, 1, NULL, 1, '2025-11-14 06:22:18', '2025-11-14 06:22:18'),
(81, 2025111416, '2025-11-14', 3, 0, 1, NULL, 1, '2025-11-14 06:22:18', '2025-11-14 06:22:18'),
(82, 2025111416, '2025-11-14', 4, 0, 1, NULL, 1, '2025-11-14 06:22:19', '2025-11-14 06:22:19'),
(83, 2025111416, '2025-11-14', 5, 0, 1, NULL, 1, '2025-11-14 06:22:19', '2025-11-14 06:22:19'),
(84, 2025111417, '2025-11-14', 11, 0, 1, NULL, 1, '2025-11-14 06:22:25', '2025-11-14 06:22:25'),
(85, 2025111417, '2025-11-14', 1, 0, 1, NULL, 1, '2025-11-14 06:22:25', '2025-11-14 06:22:25'),
(86, 2025111417, '2025-11-14', 3, 0, 1, NULL, 1, '2025-11-14 06:22:26', '2025-11-14 06:22:26'),
(87, 2025111417, '2025-11-14', 2, 0, 1, NULL, 1, '2025-11-14 06:22:27', '2025-11-14 06:22:27'),
(88, 2025111417, '2025-11-14', 20, 0, 1, NULL, 1, '2025-11-14 06:22:29', '2025-11-14 06:22:29'),
(89, 2025111418, '2025-11-14', 1, 0, 1, NULL, 1, '2025-11-14 09:36:29', '2025-11-14 09:36:29'),
(90, 2025111418, '2025-11-14', 2, 0, 1, NULL, 1, '2025-11-14 09:36:30', '2025-11-14 09:36:30'),
(91, 2025111418, '2025-11-14', 3, 0, 1, NULL, 1, '2025-11-14 09:36:31', '2025-11-14 09:36:31'),
(92, 2025111418, '2025-11-14', 4, 0, 1, NULL, 1, '2025-11-14 09:36:31', '2025-11-14 09:36:31'),
(93, 2025111418, '2025-11-14', 5, 0, 1, NULL, 1, '2025-11-14 09:36:32', '2025-11-14 09:36:32'),
(94, 2025111418, '2025-11-14', 7, 0, 1, NULL, 1, '2025-11-14 09:36:33', '2025-11-14 09:36:33'),
(95, 2025111418, '2025-11-14', 8, 0, 1, NULL, 1, '2025-11-14 09:36:34', '2025-11-14 09:36:34'),
(96, 2025111418, '2025-11-14', 9, 0, 1, NULL, 1, '2025-11-14 09:36:34', '2025-11-14 09:36:34'),
(97, 2025111418, '2025-11-14', 10, 0, 1, NULL, 1, '2025-11-14 09:36:35', '2025-11-14 09:36:35'),
(100, 2025111419, '2025-11-14', 12, 0, 1, NULL, 1, '2025-11-14 09:41:51', '2025-11-14 09:41:51'),
(101, 2025111419, '2025-11-14', 11, 0, 1, NULL, 1, '2025-11-14 09:41:53', '2025-11-14 09:41:53'),
(102, 2025111419, '2025-11-14', 10, 0, 1, NULL, 1, '2025-11-14 09:41:54', '2025-11-14 09:41:54'),
(103, 2025111419, '2025-11-14', 9, 0, 1, NULL, 1, '2025-11-14 09:41:55', '2025-11-14 09:41:55'),
(104, 2025111419, '2025-11-14', 4, 0, 1, NULL, 1, '2025-11-14 09:41:56', '2025-11-14 09:41:56'),
(105, 2025111419, '2025-11-14', 3, 0, 1, NULL, 1, '2025-11-14 09:41:57', '2025-11-14 09:41:57'),
(106, 2025111419, '2025-11-14', 2, 0, 1, NULL, 1, '2025-11-14 09:41:58', '2025-11-14 09:41:58'),
(107, 2025111419, '2025-11-14', 1, 0, 1, NULL, 1, '2025-11-14 09:41:59', '2025-11-14 09:41:59'),
(108, 2025111419, '2025-11-14', 20, 0, 1, NULL, 1, '2025-11-14 09:42:02', '2025-11-14 09:42:02'),
(109, 2025111419, '2025-11-14', 19, 0, 1, NULL, 1, '2025-11-14 09:42:03', '2025-11-14 09:42:03'),
(110, 2025111419, '2025-11-14', 18, 0, 1, NULL, 1, '2025-11-14 09:42:04', '2025-11-14 09:42:04'),
(111, 2025111419, '2025-11-14', 17, 0, 1, NULL, 1, '2025-11-14 09:42:05', '2025-11-14 09:42:05'),
(112, 2025111419, '2025-11-14', 13, 0, 1, NULL, 1, '2025-11-14 09:42:06', '2025-11-14 09:42:06'),
(113, 2025111419, '2025-11-14', 14, 0, 1, NULL, 1, '2025-11-14 09:42:07', '2025-11-14 09:42:07'),
(114, 2025111419, '2025-11-14', 15, 0, 1, NULL, 1, '2025-11-14 09:42:07', '2025-11-14 09:42:07'),
(115, 2025111419, '2025-11-14', 16, 0, 1, NULL, 1, '2025-11-14 09:42:08', '2025-11-14 09:42:08'),
(116, 20251114110, '2025-11-14', 1, 0, 3, NULL, 1, '2025-11-14 09:59:25', '2025-11-14 10:28:01'),
(117, 20251114110, '2025-11-14', 2, 0, 4, NULL, 1, '2025-11-14 09:59:26', '2025-11-14 10:08:40'),
(118, 20251114110, '2025-11-14', 3, 0, 4, NULL, 1, '2025-11-14 09:59:27', '2025-11-14 10:28:03'),
(119, 20251114110, '2025-11-14', 4, 0, 4, NULL, 1, '2025-11-14 09:59:27', '2025-11-14 10:28:06'),
(120, 20251114110, '2025-11-14', 5, 0, 3, NULL, 1, '2025-11-14 09:59:28', '2025-11-14 10:21:36'),
(121, 20251114110, '2025-11-14', 7, 0, 3, NULL, 1, '2025-11-14 09:59:35', '2025-11-14 10:28:27'),
(123, 20251114111, '2025-11-14', 1, 0, 1, NULL, 1, '2025-11-14 10:12:49', '2025-11-14 10:12:49'),
(124, 20251114111, '2025-11-14', 2, 0, 1, NULL, 1, '2025-11-14 10:13:00', '2025-11-14 10:15:54'),
(125, 20251114111, '2025-11-14', 3, 0, 1, NULL, 1, '2025-11-14 10:37:21', '2025-11-14 10:37:21'),
(126, 20251114111, '2025-11-14', 4, 0, 1, NULL, 1, '2025-11-14 10:37:21', '2025-11-14 10:37:21'),
(127, 20251114112, '2025-11-14', 1, 0, 1, NULL, 1, '2025-11-14 10:37:58', '2025-11-14 10:37:58'),
(134, 0, '2025-11-15', 2, 10, 0, 'Stock In', 0, '2025-11-15 04:49:27', '2025-11-15 04:49:27'),
(135, 20251115113, '2025-11-15', 1, 0, 1, NULL, 1, '2025-11-15 11:00:14', '2025-11-15 11:00:14'),
(136, 20251115113, '2025-11-15', 2, 0, 1, NULL, 1, '2025-11-15 11:00:15', '2025-11-15 11:00:15'),
(137, 20251115113, '2025-11-15', 3, 0, 1, NULL, 1, '2025-11-15 11:00:15', '2025-11-15 11:00:15'),
(138, 20251115113, '2025-11-15', 4, 0, 1, NULL, 1, '2025-11-15 11:00:16', '2025-11-15 11:00:16'),
(139, 20251115113, '2025-11-15', 5, 0, 1, NULL, 1, '2025-11-15 11:00:16', '2025-11-15 11:00:16'),
(140, 20251115114, '2025-11-15', 1, 0, 1, NULL, 1, '2025-11-15 11:11:30', '2025-11-15 11:11:30'),
(141, 20251115114, '2025-11-15', 2, 0, 1, NULL, 1, '2025-11-15 11:11:31', '2025-11-15 11:11:31'),
(142, 20251115114, '2025-11-15', 3, 0, 1, NULL, 1, '2025-11-15 11:11:31', '2025-11-15 11:11:31'),
(143, 20251115114, '2025-11-15', 4, 0, 1, NULL, 1, '2025-11-15 11:11:32', '2025-11-15 11:11:32'),
(144, 20251115114, '2025-11-15', 5, 0, 1, NULL, 1, '2025-11-15 11:11:33', '2025-11-15 11:11:33'),
(145, 20251115115, '2025-11-15', 1, 0, 1, NULL, 1, '2025-11-15 11:43:14', '2025-11-15 11:43:14'),
(146, 20251115115, '2025-11-15', 2, 0, 1, NULL, 1, '2025-11-15 11:43:15', '2025-11-15 11:43:15'),
(147, 20251115115, '2025-11-15', 3, 0, 1, NULL, 1, '2025-11-15 11:43:15', '2025-11-15 11:43:15'),
(148, 20251116116, '2025-11-16', 1, 0, 1, NULL, 1, '2025-11-16 04:18:51', '2025-11-16 04:18:51'),
(149, 20251116116, '2025-11-16', 2, 0, 1, NULL, 1, '2025-11-16 04:18:51', '2025-11-16 04:18:51'),
(150, 20251116116, '2025-11-16', 3, 0, 1, NULL, 1, '2025-11-16 04:18:52', '2025-11-16 04:18:52'),
(151, 20251116116, '2025-11-16', 4, 0, 1, NULL, 1, '2025-11-16 04:18:52', '2025-11-16 04:18:52'),
(152, 20251116116, '2025-11-16', 5, 0, 1, NULL, 1, '2025-11-16 04:18:53', '2025-11-16 04:18:53'),
(153, 20251116116, '2025-11-16', 7, 0, 1, NULL, 1, '2025-11-16 04:18:54', '2025-11-16 04:18:54'),
(154, 20251116117, '2025-11-16', 1, 0, 1, NULL, 1, '2025-11-16 04:19:14', '2025-11-16 04:19:14'),
(155, 20251116117, '2025-11-16', 21, 0, 1, NULL, 1, '2025-11-16 04:19:18', '2025-11-16 04:19:18'),
(156, 20251116117, '2025-11-16', 12, 0, 1, NULL, 1, '2025-11-16 04:19:20', '2025-11-16 04:19:20'),
(157, 20251116117, '2025-11-16', 20, 0, 1, NULL, 1, '2025-11-16 04:19:34', '2025-11-16 04:19:34'),
(158, 20251116118, '2025-11-16', 1, 0, 1, NULL, 1, '2025-11-16 06:25:11', '2025-11-16 06:25:11'),
(159, 20251116118, '2025-11-16', 2, 0, 1, NULL, 1, '2025-11-16 06:25:11', '2025-11-16 06:25:11'),
(160, 20251116118, '2025-11-16', 3, 0, 1, NULL, 1, '2025-11-16 06:25:12', '2025-11-16 06:25:12'),
(161, 20251116118, '2025-11-16', 4, 0, 1, NULL, 1, '2025-11-16 06:25:13', '2025-11-16 06:25:13'),
(162, 20251116119, '2025-11-16', 1, 0, 5, NULL, 1, '2025-11-16 06:46:13', '2025-11-16 06:46:16'),
(163, 20251116119, '2025-11-16', 2, 0, 5, NULL, 1, '2025-11-16 06:46:14', '2025-11-16 06:46:18'),
(164, 20251116120, '2025-11-16', 1, 0, 1, NULL, 1, '2025-11-16 06:47:04', '2025-11-16 06:47:04'),
(165, 20251116120, '2025-11-16', 2, 0, 1, NULL, 1, '2025-11-16 06:47:05', '2025-11-16 06:47:05'),
(166, 20251116121, '2025-11-16', 1, 0, 1, NULL, 1, '2025-11-16 09:10:17', '2025-11-16 09:10:17'),
(167, 20251116121, '2025-11-16', 2, 0, 1, NULL, 1, '2025-11-16 09:10:17', '2025-11-16 09:10:17'),
(168, 20251116121, '2025-11-16', 3, 0, 1, NULL, 1, '2025-11-16 09:10:18', '2025-11-16 09:10:18'),
(169, 20251116122, '2025-11-16', 1, 0, 1, NULL, 1, '2025-11-16 09:19:44', '2025-11-16 09:19:44'),
(170, 20251116122, '2025-11-16', 2, 0, 2, NULL, 1, '2025-11-16 09:19:45', '2025-11-16 09:19:49'),
(171, 20251116122, '2025-11-16', 3, 0, 8, NULL, 1, '2025-11-16 09:19:45', '2025-11-16 09:19:53'),
(172, 0, '2025-11-16', 1, 50, 0, 'Stock In', 0, '2025-11-16 09:21:35', '2025-11-16 09:21:35'),
(173, 0, '2025-11-16', 2, 50, 0, 'Stock In', 0, '2025-11-16 09:21:39', '2025-11-16 09:21:39'),
(174, 0, '2025-11-16', 3, 50, 0, 'Stock In', 0, '2025-11-16 09:21:43', '2025-11-16 09:21:43'),
(175, 0, '2025-11-16', 4, 50, 0, 'Stock In', 0, '2025-11-16 09:21:47', '2025-11-16 09:21:47'),
(176, 0, '2025-11-16', 5, 50, 0, 'Stock In', 0, '2025-11-16 09:21:51', '2025-11-16 09:21:51'),
(177, 0, '2025-11-16', 8, 50, 0, 'Stock In', 0, '2025-11-16 09:21:56', '2025-11-16 09:21:56'),
(178, 20251116123, '2025-11-16', 1, 0, 1, NULL, 1, '2025-11-16 09:22:02', '2025-11-16 09:22:02'),
(179, 20251116123, '2025-11-16', 2, 0, 2, NULL, 1, '2025-11-16 09:22:03', '2025-11-16 09:22:13'),
(180, 20251116123, '2025-11-16', 3, 0, 1, NULL, 1, '2025-11-16 09:22:04', '2025-11-16 09:22:04'),
(181, 20251116123, '2025-11-16', 4, 0, 1, NULL, 1, '2025-11-16 09:22:04', '2025-11-16 09:22:04'),
(182, 20251116123, '2025-11-16', 5, 0, 1, NULL, 1, '2025-11-16 09:22:06', '2025-11-16 09:22:06'),
(183, 20251116123, '2025-11-16', 6, 0, 1, NULL, 1, '2025-11-16 09:22:07', '2025-11-16 09:22:07'),
(184, 20251116123, '2025-11-16', 7, 0, 1, NULL, 1, '2025-11-16 09:22:09', '2025-11-16 09:22:09'),
(185, 20251116124, '2025-11-16', 1, 0, 10, NULL, 1, '2025-11-16 09:28:52', '2025-11-16 09:28:56'),
(186, 20251116124, '2025-11-16', 2, 0, 10, NULL, 1, '2025-11-16 09:28:52', '2025-11-16 09:28:58'),
(187, 20251116124, '2025-11-16', 3, 0, 10, NULL, 1, '2025-11-16 09:28:53', '2025-11-16 09:28:59'),
(188, 20251116125, '2025-11-16', 1, 0, 5, NULL, 1, '2025-11-16 09:30:09', '2025-11-16 09:30:12'),
(189, 20251116125, '2025-11-16', 2, 0, 5, NULL, 1, '2025-11-16 09:30:09', '2025-11-16 09:30:13'),
(190, 20251116125, '2025-11-16', 3, 0, 5, NULL, 1, '2025-11-16 09:30:10', '2025-11-16 09:30:15'),
(191, 20251116126, '2025-11-16', 10, 0, 3, NULL, 1, '2025-11-16 09:32:13', '2025-11-16 09:32:20'),
(192, 20251116126, '2025-11-16', 11, 0, 3, NULL, 1, '2025-11-16 09:32:14', '2025-11-16 09:32:19'),
(193, 20251116126, '2025-11-16', 12, 0, 3, NULL, 1, '2025-11-16 09:32:15', '2025-11-16 09:32:18'),
(194, 20251116127, '2025-11-16', 22, 0, 1, NULL, 1, '2025-11-16 09:35:16', '2025-11-16 09:35:16'),
(195, 20251116127, '2025-11-16', 21, 0, 1, NULL, 1, '2025-11-16 09:35:17', '2025-11-16 09:35:17'),
(196, 20251116127, '2025-11-16', 20, 0, 1, NULL, 1, '2025-11-16 09:35:19', '2025-11-16 09:35:19');

-- --------------------------------------------------------

--
-- Table structure for table `users`
--

CREATE TABLE `users` (
  `id` bigint(20) UNSIGNED NOT NULL,
  `name` varchar(255) NOT NULL,
  `email` varchar(255) NOT NULL,
  `email_verified_at` timestamp NULL DEFAULT NULL,
  `password` varchar(255) NOT NULL,
  `remember_token` varchar(100) DEFAULT NULL,
  `created_at` timestamp NULL DEFAULT NULL,
  `updated_at` timestamp NULL DEFAULT NULL
) ENGINE=InnoDB DEFAULT CHARSET=utf8mb4 COLLATE=utf8mb4_unicode_ci;

--
-- Indexes for dumped tables
--

--
-- Indexes for table `admins`
--
ALTER TABLE `admins`
  ADD PRIMARY KEY (`id`),
  ADD UNIQUE KEY `admins_email_unique` (`email`);

--
-- Indexes for table `carts`
--
ALTER TABLE `carts`
  ADD PRIMARY KEY (`id`);

--
-- Indexes for table `companies`
--
ALTER TABLE `companies`
  ADD PRIMARY KEY (`id`),
  ADD UNIQUE KEY `companies_email_unique` (`email`);

--
-- Indexes for table `due_collections`
--
ALTER TABLE `due_collections`
  ADD PRIMARY KEY (`id`),
  ADD KEY `due_collections_user_id_foreign` (`user_id`);

--
-- Indexes for table `expenses`
--
ALTER TABLE `expenses`
  ADD PRIMARY KEY (`id`),
  ADD KEY `expenses_category_id_foreign` (`category_id`),
  ADD KEY `expenses_subcategory_id_foreign` (`subcategory_id`),
  ADD KEY `expenses_user_id_foreign` (`user_id`);

--
-- Indexes for table `expense_categories`
--
ALTER TABLE `expense_categories`
  ADD PRIMARY KEY (`id`),
  ADD UNIQUE KEY `expense_categories_name_unique` (`name`);

--
-- Indexes for table `expense_subcategories`
--
ALTER TABLE `expense_subcategories`
  ADD PRIMARY KEY (`id`),
  ADD KEY `expense_subcategories_category_id_foreign` (`category_id`);

--
-- Indexes for table `failed_jobs`
--
ALTER TABLE `failed_jobs`
  ADD PRIMARY KEY (`id`),
  ADD UNIQUE KEY `failed_jobs_uuid_unique` (`uuid`);

--
-- Indexes for table `food`
--
ALTER TABLE `food`
  ADD PRIMARY KEY (`id`),
  ADD UNIQUE KEY `food_sku_unique` (`sku`),
  ADD KEY `food_category_id_foreign` (`category_id`);

--
-- Indexes for table `food_categories`
--
ALTER TABLE `food_categories`
  ADD PRIMARY KEY (`id`);

--
-- Indexes for table `migrations`
--
ALTER TABLE `migrations`
  ADD PRIMARY KEY (`id`);

--
-- Indexes for table `orders`
--
ALTER TABLE `orders`
  ADD PRIMARY KEY (`id`),
  ADD UNIQUE KEY `orders_reg_unique` (`reg`),
  ADD KEY `orders_user_id_foreign` (`user_id`);

--
-- Indexes for table `password_resets`
--
ALTER TABLE `password_resets`
  ADD KEY `password_resets_email_index` (`email`);

--
-- Indexes for table `password_reset_tokens`
--
ALTER TABLE `password_reset_tokens`
  ADD PRIMARY KEY (`email`);

--
-- Indexes for table `payment_methods`
--
ALTER TABLE `payment_methods`
  ADD PRIMARY KEY (`id`),
  ADD UNIQUE KEY `payment_methods_name_unique` (`name`);

--
-- Indexes for table `personal_access_tokens`
--
ALTER TABLE `personal_access_tokens`
  ADD PRIMARY KEY (`id`),
  ADD UNIQUE KEY `personal_access_tokens_token_unique` (`token`),
  ADD KEY `personal_access_tokens_tokenable_type_tokenable_id_index` (`tokenable_type`,`tokenable_id`);

--
-- Indexes for table `stocks`
--
ALTER TABLE `stocks`
  ADD PRIMARY KEY (`id`),
  ADD KEY `stocks_foodid_foreign` (`foodId`);

--
-- Indexes for table `users`
--
ALTER TABLE `users`
  ADD PRIMARY KEY (`id`),
  ADD UNIQUE KEY `users_email_unique` (`email`);

--
-- AUTO_INCREMENT for dumped tables
--

--
-- AUTO_INCREMENT for table `admins`
--
ALTER TABLE `admins`
  MODIFY `id` bigint(20) UNSIGNED NOT NULL AUTO_INCREMENT, AUTO_INCREMENT=2;

--
-- AUTO_INCREMENT for table `carts`
--
ALTER TABLE `carts`
  MODIFY `id` bigint(20) UNSIGNED NOT NULL AUTO_INCREMENT, AUTO_INCREMENT=189;

--
-- AUTO_INCREMENT for table `companies`
--
ALTER TABLE `companies`
  MODIFY `id` bigint(20) UNSIGNED NOT NULL AUTO_INCREMENT, AUTO_INCREMENT=2;

--
-- AUTO_INCREMENT for table `due_collections`
--
ALTER TABLE `due_collections`
  MODIFY `id` bigint(20) UNSIGNED NOT NULL AUTO_INCREMENT, AUTO_INCREMENT=26;

--
-- AUTO_INCREMENT for table `expenses`
--
ALTER TABLE `expenses`
  MODIFY `id` bigint(20) UNSIGNED NOT NULL AUTO_INCREMENT, AUTO_INCREMENT=6;

--
-- AUTO_INCREMENT for table `expense_categories`
--
ALTER TABLE `expense_categories`
  MODIFY `id` bigint(20) UNSIGNED NOT NULL AUTO_INCREMENT, AUTO_INCREMENT=7;

--
-- AUTO_INCREMENT for table `expense_subcategories`
--
ALTER TABLE `expense_subcategories`
  MODIFY `id` bigint(20) UNSIGNED NOT NULL AUTO_INCREMENT, AUTO_INCREMENT=18;

--
-- AUTO_INCREMENT for table `failed_jobs`
--
ALTER TABLE `failed_jobs`
  MODIFY `id` bigint(20) UNSIGNED NOT NULL AUTO_INCREMENT;

--
-- AUTO_INCREMENT for table `food`
--
ALTER TABLE `food`
  MODIFY `id` bigint(20) UNSIGNED NOT NULL AUTO_INCREMENT, AUTO_INCREMENT=23;

--
-- AUTO_INCREMENT for table `food_categories`
--
ALTER TABLE `food_categories`
  MODIFY `id` bigint(20) UNSIGNED NOT NULL AUTO_INCREMENT, AUTO_INCREMENT=11;

--
-- AUTO_INCREMENT for table `migrations`
--
ALTER TABLE `migrations`
  MODIFY `id` int(10) UNSIGNED NOT NULL AUTO_INCREMENT, AUTO_INCREMENT=84;

--
-- AUTO_INCREMENT for table `orders`
--
ALTER TABLE `orders`
  MODIFY `id` bigint(20) UNSIGNED NOT NULL AUTO_INCREMENT, AUTO_INCREMENT=43;

--
-- AUTO_INCREMENT for table `payment_methods`
--
ALTER TABLE `payment_methods`
  MODIFY `id` bigint(20) UNSIGNED NOT NULL AUTO_INCREMENT, AUTO_INCREMENT=6;

--
-- AUTO_INCREMENT for table `personal_access_tokens`
--
ALTER TABLE `personal_access_tokens`
  MODIFY `id` bigint(20) UNSIGNED NOT NULL AUTO_INCREMENT;

--
-- AUTO_INCREMENT for table `stocks`
--
ALTER TABLE `stocks`
  MODIFY `id` bigint(20) UNSIGNED NOT NULL AUTO_INCREMENT, AUTO_INCREMENT=197;

--
-- AUTO_INCREMENT for table `users`
--
ALTER TABLE `users`
  MODIFY `id` bigint(20) UNSIGNED NOT NULL AUTO_INCREMENT;

--
-- Constraints for dumped tables
--

--
-- Constraints for table `due_collections`
--
ALTER TABLE `due_collections`
  ADD CONSTRAINT `due_collections_user_id_foreign` FOREIGN KEY (`user_id`) REFERENCES `admins` (`id`);

--
-- Constraints for table `expenses`
--
ALTER TABLE `expenses`
  ADD CONSTRAINT `expenses_category_id_foreign` FOREIGN KEY (`category_id`) REFERENCES `expense_categories` (`id`),
  ADD CONSTRAINT `expenses_subcategory_id_foreign` FOREIGN KEY (`subcategory_id`) REFERENCES `expense_subcategories` (`id`),
  ADD CONSTRAINT `expenses_user_id_foreign` FOREIGN KEY (`user_id`) REFERENCES `admins` (`id`);

--
-- Constraints for table `expense_subcategories`
--
ALTER TABLE `expense_subcategories`
  ADD CONSTRAINT `expense_subcategories_category_id_foreign` FOREIGN KEY (`category_id`) REFERENCES `expense_categories` (`id`);

--
-- Constraints for table `food`
--
ALTER TABLE `food`
  ADD CONSTRAINT `food_category_id_foreign` FOREIGN KEY (`category_id`) REFERENCES `food_categories` (`id`);

--
-- Constraints for table `orders`
--
ALTER TABLE `orders`
  ADD CONSTRAINT `orders_user_id_foreign` FOREIGN KEY (`user_id`) REFERENCES `admins` (`id`);

--
-- Constraints for table `stocks`
--
ALTER TABLE `stocks`
  ADD CONSTRAINT `stocks_foodid_foreign` FOREIGN KEY (`foodId`) REFERENCES `food` (`id`);
COMMIT;

/*!40101 SET CHARACTER_SET_CLIENT=@OLD_CHARACTER_SET_CLIENT */;
/*!40101 SET CHARACTER_SET_RESULTS=@OLD_CHARACTER_SET_RESULTS */;
/*!40101 SET COLLATION_CONNECTION=@OLD_COLLATION_CONNECTION */;
